year;mine;country;country_code;region;new water;new + recycl water;Unit: ML;Source: ;Lutter, S., Maus, V., Luckeneder, S., & Tost, M. (2025). Increasing Water Use in Global Copper Production Threatens Freshwater Availability. WU Vienna University of Economics and Business. Ecological Economic Papers Vol. 49/2025 https://doi.org/10.57938/441b6e21-b914-4565-a2af-623f78ed92c6
2015;Cadia East;Australia;AUS;Oceania;9687.878633;29594.27655;;;
2016;Cadia East;Australia;AUS;Oceania;20754;74896;;;
2017;Cadia East;Australia;AUS;Oceania;31755;68380;;;
2018;Cadia East;Australia;AUS;Oceania;16409;21854;;;
2019;Cadia East;Australia;AUS;Oceania;13420;42599.73867;;;
2017;Capricorn Copper;Australia;AUS;Oceania;487.3220977;1060.978899;;;
2018;Capricorn Copper;Australia;AUS;Oceania;819.1925796;1103.069608;;;
2019;Capricorn Copper;Australia;AUS;Oceania;1727.757784;7783.394594;;;
2017;Cleveland;Australia;AUS;Oceania;3174.475485;16495.35652;;;
2018;Cleveland;Australia;AUS;Oceania;3537.542774;16649.33964;;;
2019;Cleveland;Australia;AUS;Oceania;3537.542774;16649.33964;;;
2015;Cobar;Australia;AUS;Oceania;882;1300;;;
2016;Cobar;Australia;AUS;Oceania;883;1267;;;
2017;Cobar;Australia;AUS;Oceania;961;1298;;;
2018;Cobar;Australia;AUS;Oceania;883;1115;;;
2019;Cobar;Australia;AUS;Oceania;1033.807716;2124.139764;;;
2017;Deflector;Australia;AUS;Oceania;1128.081755;1979.800266;;;
2018;Deflector;Australia;AUS;Oceania;796.4996472;1370.471827;;;
2019;Deflector;Australia;AUS;Oceania;637.9688271;1342.724315;;;
2015;DeGrussa;Australia;AUS;Oceania;1531.158991;3066.754565;;;
2016;DeGrussa;Australia;AUS;Oceania;1463;2225.685498;;;
2017;DeGrussa;Australia;AUS;Oceania;1218;1775.488969;;;
2018;DeGrussa;Australia;AUS;Oceania;1374;1939.842689;;;
2019;DeGrussa;Australia;AUS;Oceania;1642;7450.810418;;;
2015;Eloise;Australia;AUS;Oceania;667.0652446;1291.081176;;;
2016;Eloise;Australia;AUS;Oceania;667.0652446;1291.081176;;;
2017;Eloise;Australia;AUS;Oceania;667.0652446;1291.081176;;;
2018;Eloise;Australia;AUS;Oceania;646.4226257;1291.081176;;;
2019;Eloise;Australia;AUS;Oceania;645.8336961;1291.081176;;;
2015;Golden Grove;Australia;AUS;Oceania;1311.420507;1985.70874;;;
2016;Golden Grove;Australia;AUS;Oceania;670.0600993;1093.894487;;;
2017;Golden Grove;Australia;AUS;Oceania;670.7203806;1093.894487;;;
2018;Golden Grove;Australia;AUS;Oceania;675.1727136;1093.894487;;;
2019;Golden Grove;Australia;AUS;Oceania;810.5033519;1103.069608;;;
2015;Jaguar;Australia;AUS;Oceania;665.5680116;1239.607191;;;
2016;Jaguar;Australia;AUS;Oceania;666.0899203;1239.607191;;;
2017;Jaguar;Australia;AUS;Oceania;553.4284225;1141.249963;;;
2018;Jaguar;Australia;AUS;Oceania;493.4814329;1104.31932;;;
2015;Lady Annie;Australia;AUS;Oceania;1653.662102;14969.01096;;;
2016;Lady Annie;Australia;AUS;Oceania;1088.693436;1760.530732;;;
2017;Lady Annie;Australia;AUS;Oceania;542.4002528;1222.482913;;;
2018;Lady Annie;Australia;AUS;Oceania;508.1679236;1171.663963;;;
2019;Lady Annie;Australia;AUS;Oceania;541.0244688;1222.482913;;;
2018;Lake Johnston;Australia;AUS;Oceania;510.5118116;1595.609488;;;
2019;Lake Johnston;Australia;AUS;Oceania;510.5118116;1595.609488;;;
2015;Lanfranchi;Australia;AUS;Oceania;498.1092038;1594.457847;;;
2016;Lanfranchi;Australia;AUS;Oceania;331.1396995;1591.066526;;;
2015;Long Complex;Australia;AUS;Oceania;447.0174473;1594.457847;;;
2016;Long Complex;Australia;AUS;Oceania;433.7838598;1594.457847;;;
2017;Long Complex;Australia;AUS;Oceania;432.5794526;1594.457847;;;
2018;Long Complex;Australia;AUS;Oceania;418.2691775;1594.457847;;;
2015;Mineral Hill;Australia;AUS;Oceania;489.1269659;1192.425354;;;
2015;Nifty;Australia;AUS;Oceania;928.6279762;1395.575673;;;
2016;Nifty;Australia;AUS;Oceania;1590.622114;5819.567464;;;
2017;Nifty;Australia;AUS;Oceania;1509.252206;2906.833899;;;
2018;Nifty;Australia;AUS;Oceania;1160.279149;1996.96395;;;
2019;Nifty;Australia;AUS;Oceania;1145.026836;1993.254024;;;
2015;Northparkes;Australia;AUS;Oceania;1913;4251.111111;;;
2016;Northparkes;Australia;AUS;Oceania;2221;6296;;;
2017;Northparkes;Australia;AUS;Oceania;1926;5650;;;
2018;Northparkes;Australia;AUS;Oceania;2725;4645;;;
2019;Northparkes;Australia;AUS;Oceania;3009;5881;;;
2017;Nova-Bollinger;Australia;AUS;Oceania;588.7565668;1785.227424;;;
2018;Nova-Bollinger;Australia;AUS;Oceania;1223.986108;2682.581731;;;
2019;Nova-Bollinger;Australia;AUS;Oceania;1460.031434;3183.325528;;;
2015;Olympic Dam;Australia;AUS;Oceania;3905.5;8503.915482;;;
2016;Olympic Dam;Australia;AUS;Oceania;10030.48347;44471.61203;;;
2017;Olympic Dam;Australia;AUS;Oceania;4635.5;9617.456314;;;
2018;Olympic Dam;Australia;AUS;Oceania;4672;9596.145533;;;
2019;Olympic Dam;Australia;AUS;Oceania;11770;25430;;;
2015;Osborne;Australia;AUS;Oceania;1575.969425;6262.89126;;;
2016;Osborne;Australia;AUS;Oceania;1249.006145;2002.805142;;;
2017;Osborne;Australia;AUS;Oceania;789.1738238;1431.512624;;;
2015;Peak;Australia;AUS;Oceania;2567.173136;6993.058045;;;
2016;Peak;Australia;AUS;Oceania;2575.506412;6993.058045;;;
2017;Peak;Australia;AUS;Oceania;2550.565348;6993.058045;;;
2018;Peak;Australia;AUS;Oceania;2567.173136;6993.058045;;;
2019;Peak;Australia;AUS;Oceania;2049.92999;6990.423348;;;
2015;Prominent Hill;Australia;AUS;Oceania;6196;7249;;;
2016;Prominent Hill;Australia;AUS;Oceania;5665;6887;;;
2017;Prominent Hill;Australia;AUS;Oceania;5826;6669;;;
2018;Prominent Hill;Australia;AUS;Oceania;5860;6143;;;
2019;Prominent Hill;Australia;AUS;Oceania;6247;6562;;;
2017;Red Dome;Australia;AUS;Oceania;426.5244588;1267.778594;;;
2018;Red Dome;Australia;AUS;Oceania;458.1321216;1267.778594;;;
2019;Red Dome;Australia;AUS;Oceania;512.4084186;1305.509111;;;
2015;Ridgeway;Australia;AUS;Oceania;2817.171194;6881.692992;;;
2016;Ridgeway;Australia;AUS;Oceania;2301.090464;6580.472398;;;
2017;Ridgeway;Australia;AUS;Oceania;435.3981141;1604.470444;;;
2015;Rosebery;Australia;AUS;Oceania;3561.3;7500.274194;;;
2016;Rosebery;Australia;AUS;Oceania;4258.65;7501.168194;;;
2017;Rosebery;Australia;AUS;Oceania;5312.88;7486.773908;;;
2018;Rosebery;Australia;AUS;Oceania;4725.2;7462.757652;;;
2019;Rosebery;Australia;AUS;Oceania;9495.15;25499.56759;;;
2015;Savannah;Australia;AUS;Oceania;1153.658552;1978.564663;;;
2016;Savannah;Australia;AUS;Oceania;1225.922204;1978.857989;;;
2019;Savannah;Australia;AUS;Oceania;529.4637758;1327.345832;;;
2015;South Kambalda;Australia;AUS;Oceania;413.2747649;1268.071149;;;
2015;Telfer;Australia;AUS;Oceania;16563.71591;24018.54729;;;
2016;Telfer;Australia;AUS;Oceania;18617;20697;;;
2017;Telfer;Australia;AUS;Oceania;17459;24029;;;
2018;Telfer;Australia;AUS;Oceania;16137;19553;;;
2019;Telfer;Australia;AUS;Oceania;17744;24251.80825;;;
2018;Thalanga;Australia;AUS;Oceania;334.1232722;1326.672855;;;
2019;Thalanga;Australia;AUS;Oceania;452.6497683;1326.672855;;;
2015;Whim Creek;Australia;AUS;Oceania;428.3538681;996.2196113;;;
2016;Whim Creek;Australia;AUS;Oceania;417.7477311;996.2196113;;;
2017;Whim Creek;Australia;AUS;Oceania;416.9133032;996.2196113;;;
2018;Whim Creek;Australia;AUS;Oceania;416.9133032;996.2196113;;;
2015;Aisha;China;CHN;East Asia;229.3429897;1123.898142;;;
2016;Aisha;China;CHN;East Asia;224.9467571;1123.898142;;;
2017;Aisha;China;CHN;East Asia;234.8076391;1123.898142;;;
2018;Aisha;China;CHN;East Asia;227.7191996;1123.898142;;;
2019;Aisha;China;CHN;East Asia;227.7191996;1123.898142;;;
2015;Alex;China;CHN;East Asia;360.0202705;1076.788232;;;
2016;Alex;China;CHN;East Asia;360.1793124;1076.788232;;;
2017;Alex;China;CHN;East Asia;360.1793124;1076.788232;;;
2018;Alex;China;CHN;East Asia;348.4040661;1076.788232;;;
2019;Alex;China;CHN;East Asia;356.9862966;1076.788232;;;
2015;Amawusu;China;CHN;East Asia;181.7029635;1164.670088;;;
2016;Amawusu;China;CHN;East Asia;199.4285349;1164.670088;;;
2017;Amawusu;China;CHN;East Asia;206.9964244;1164.670088;;;
2018;Amawusu;China;CHN;East Asia;181.7897868;1164.670088;;;
2019;Amawusu;China;CHN;East Asia;155.5154079;1164.670088;;;
2015;Ashele;China;CHN;East Asia;3371.08572;8372.565826;;;
2016;Ashele;China;CHN;East Asia;2729.729405;7933.207682;;;
2017;Ashele;China;CHN;East Asia;2954.275478;8363.751957;;;
2018;Ashele;China;CHN;East Asia;3116.690769;8398.628091;;;
2019;Ashele;China;CHN;East Asia;2875.056013;8264.835149;;;
2016;Bainaimiao;China;CHN;East Asia;278.1709853;1603.11077;;;
2015;Bairen;China;CHN;East Asia;386.0263558;1123.084593;;;
2016;Bairen;China;CHN;East Asia;371.4222782;1123.084593;;;
2017;Bairen;China;CHN;East Asia;389.7154837;1123.084593;;;
2018;Bairen;China;CHN;East Asia;389.7154837;1123.084593;;;
2019;Bairen;China;CHN;East Asia;392.2788233;1123.084593;;;
2015;Baiyunshan;China;CHN;East Asia;3189.198667;14162.79714;;;
2016;Baiyunshan;China;CHN;East Asia;4072.422385;14351.33008;;;
2017;Baiyunshan;China;CHN;East Asia;2704.198108;13234.91311;;;
2018;Baiyunshan;China;CHN;East Asia;1071.774715;1737.27047;;;
2019;Baiyunshan;China;CHN;East Asia;3786.65505;14248.67335;;;
2016;Baoshan Feilong;China;CHN;East Asia;1573.222218;5557.800582;;;
2017;Baoshan Feilong;China;CHN;East Asia;1572.255768;5557.800582;;;
2018;Baoshan Feilong;China;CHN;East Asia;1573.222218;5557.800582;;;
2019;Baoshan Feilong;China;CHN;East Asia;1573.222218;5557.800582;;;
2015;Chengmenshan;China;CHN;East Asia;1365.585216;1990.931273;;;
2016;Chengmenshan;China;CHN;East Asia;1365.585216;1990.931273;;;
2017;Chengmenshan;China;CHN;East Asia;1397.597889;1990.143533;;;
2018;Chengmenshan;China;CHN;East Asia;1427.783086;1995.774456;;;
2019;Chengmenshan;China;CHN;East Asia;1404.303477;1990.143533;;;
2015;Chifeng Aolunhua;China;CHN;East Asia;207.8791776;1171.663963;;;
2016;Chifeng Aolunhua;China;CHN;East Asia;207.8791776;1171.663963;;;
2017;Chifeng Aolunhua;China;CHN;East Asia;207.8851789;1171.663963;;;
2018;Chifeng Aolunhua;China;CHN;East Asia;207.8851789;1171.663963;;;
2018;Chifeng Fubo;China;CHN;East Asia;466.4370279;1171.663963;;;
2019;Chifeng Fubo;China;CHN;East Asia;1545.136373;3930.912968;;;
2015;Dahongshan;China;CHN;East Asia;2377.016108;6826.200512;;;
2016;Dahongshan;China;CHN;East Asia;2501.133286;6817.816316;;;
2017;Dahongshan;China;CHN;East Asia;2477.387226;6817.816316;;;
2018;Dahongshan;China;CHN;East Asia;2603.419551;6878.244102;;;
2019;Dahongshan;China;CHN;East Asia;2355.901966;6826.721183;;;
2019;Dahongshan;China;CHN;East Asia;1575.887378;8997.392267;;;
2015;Dajingzi;China;CHN;East Asia;401.3594645;1163.267119;;;
2016;Dajingzi;China;CHN;East Asia;402.9840946;1163.267119;;;
2017;Dajingzi;China;CHN;East Asia;420.3289477;1163.267119;;;
2018;Dajingzi;China;CHN;East Asia;391.3478163;1163.267119;;;
2019;Dajingzi;China;CHN;East Asia;394.6565079;1163.267119;;;
2015;Damajianshan;China;CHN;East Asia;250.3960257;1590.618295;;;
2016;Damajianshan;China;CHN;East Asia;201.9174955;1590.618295;;;
2015;Dapingzhang;China;CHN;East Asia;2133.841101;12717.3974;;;
2016;Dapingzhang;China;CHN;East Asia;2388.509274;12803.56644;;;
2017;Dapingzhang;China;CHN;East Asia;2365.09982;12784.60291;;;
2018;Dapingzhang;China;CHN;East Asia;2039.507515;12601.41844;;;
2019;Dapingzhang;China;CHN;East Asia;2317.808118;12784.60291;;;
2015;Datong;China;CHN;East Asia;3747.708667;15303.39845;;;
2016;Datong;China;CHN;East Asia;3085.407779;15222.62183;;;
2017;Datong;China;CHN;East Asia;3944.969743;15466.35606;;;
2018;Datong;China;CHN;East Asia;3906.206713;15306.48516;;;
2019;Datong;China;CHN;East Asia;3741.712236;15303.39845;;;
2015;Dongjin;China;CHN;East Asia;133.4575026;1123.898142;;;
2016;Dongjin;China;CHN;East Asia;133.3986978;1123.898142;;;
2017;Dongjin;China;CHN;East Asia;131.9325666;1123.898142;;;
2018;Dongjin;China;CHN;East Asia;133.0374322;1123.898142;;;
2019;Dongjin;China;CHN;East Asia;131.4026276;1123.898142;;;
2015;Dongshengmiao;China;CHN;East Asia;342.6521518;1163.267119;;;
2016;Dongshengmiao;China;CHN;East Asia;420.3039652;1170.252569;;;
2017;Dongshengmiao;China;CHN;East Asia;420.3039652;1170.252569;;;
2018;Dongshengmiao;China;CHN;East Asia;420.3039652;1170.252569;;;
2019;Dongshengmiao;China;CHN;East Asia;974.7083166;1400.290309;;;
2015;Duobaoshan;China;CHN;East Asia;4012.346412;14398.28652;;;
2016;Duobaoshan;China;CHN;East Asia;3078.901254;14175.21894;;;
2017;Duobaoshan;China;CHN;East Asia;4529.745721;14378.06728;;;
2018;Duobaoshan;China;CHN;East Asia;4766.599594;14325.88336;;;
2019;Duobaoshan;China;CHN;East Asia;7723.638564;29497.56277;;;
2019;East Yellow Mountain;China;CHN;East Asia;913.3761696;1757.446164;;;
2015;Fuyuan;China;CHN;East Asia;381.6943648;1061.870527;;;
2016;Fuyuan;China;CHN;East Asia;382.282825;1061.870527;;;
2017;Fuyuan;China;CHN;East Asia;382.3938657;1061.870527;;;
2018;Fuyuan;China;CHN;East Asia;380.1326075;1061.870527;;;
2019;Fuyuan;China;CHN;East Asia;374.4937489;1041.407018;;;
2015;Heijing;China;CHN;East Asia;521.6548385;1174.292259;;;
2016;Heijing;China;CHN;East Asia;528.2960764;1178.961278;;;
2017;Heijing;China;CHN;East Asia;528.2960764;1178.961278;;;
2018;Heijing;China;CHN;East Asia;472.6576078;1130.892798;;;
2019;Heijing;China;CHN;East Asia;528.2960764;1178.961278;;;
2017;Heiniudong;China;CHN;East Asia;4922.413363;18386.4992;;;
2018;Heiniudong;China;CHN;East Asia;4141.929526;17902.68217;;;
2019;Heiniudong;China;CHN;East Asia;4141.929526;17902.68217;;;
2015;Hemeida Industrial and Trading Company;China;CHN;East Asia;1895.406905;12327.76292;;;
2016;Hemeida Industrial and Trading Company;China;CHN;East Asia;1990.328448;12610.87565;;;
2017;Hemeida Industrial and Trading Company;China;CHN;East Asia;1990.328448;12610.87565;;;
2018;Hemeida Industrial and Trading Company;China;CHN;East Asia;1909.352922;12327.76292;;;
2019;Hemeida Industrial and Trading Company;China;CHN;East Asia;1908.078005;12327.76292;;;
2015;Huogeqi;China;CHN;East Asia;1338.80195;2120.13181;;;
2016;Huogeqi;China;CHN;East Asia;1567.688662;3387.454041;;;
2017;Huogeqi;China;CHN;East Asia;1376.571724;2156.730087;;;
2018;Huogeqi;China;CHN;East Asia;1369.388196;2156.730087;;;
2019;Huogeqi;China;CHN;East Asia;1383.346835;2156.730087;;;
2015;Huzhan;China;CHN;East Asia;1547.00526;3937.225006;;;
2016;Huzhan;China;CHN;East Asia;1070.010715;1740.26648;;;
2017;Huzhan;China;CHN;East Asia;1019.679845;1524.598592;;;
2018;Huzhan;China;CHN;East Asia;1808.52543;15888.12833;;;
2019;Huzhan;China;CHN;East Asia;1808.52543;15888.12833;;;
2015;Jiangjushuijin;China;CHN;East Asia;1682.416747;11537.92071;;;
2016;Jiangjushuijin;China;CHN;East Asia;1584.566326;7888.807855;;;
2017;Jiangjushuijin;China;CHN;East Asia;1694.261918;11617.73532;;;
2018;Jiangjushuijin;China;CHN;East Asia;1694.261918;11617.73532;;;
2019;Jiangjushuijin;China;CHN;East Asia;1587.578535;7888.807855;;;
2015;Jingfeng;China;CHN;East Asia;1557.822087;3720.672056;;;
2016;Jingfeng;China;CHN;East Asia;1552.875021;3720.672056;;;
2017;Jingfeng;China;CHN;East Asia;1604.065063;12234.52141;;;
2018;Jingfeng;China;CHN;East Asia;1557.822087;3720.672056;;;
2019;Jingfeng;China;CHN;East Asia;1557.822087;3720.672056;;;
2015;Jinhongtao;China;CHN;East Asia;2054.022292;16558.70014;;;
2016;Jinhongtao;China;CHN;East Asia;1733.994899;15573.42165;;;
2017;Jinhongtao;China;CHN;East Asia;1733.994899;15573.42165;;;
2018;Jinhongtao;China;CHN;East Asia;2057.874296;16558.70014;;;
2019;Jinhongtao;China;CHN;East Asia;2512.590733;17476.65979;;;
2015;Jixing;China;CHN;East Asia;133.7500348;1130.934958;;;
2016;Jixing;China;CHN;East Asia;136.743347;1130.934958;;;
2017;Jixing;China;CHN;East Asia;135.7397194;1130.934958;;;
2018;Jixing;China;CHN;East Asia;133.7500348;1130.934958;;;
2019;Jixing;China;CHN;East Asia;133.7500348;1130.934958;;;
2019;Kalatongke;China;CHN;East Asia;658.0073401;1805.018219;;;
2015;Lanniping;China;CHN;East Asia;302.5299983;1130.192228;;;
2016;Lanniping;China;CHN;East Asia;297.9724063;1130.192228;;;
2017;Lanniping;China;CHN;East Asia;325.9660535;1128.982783;;;
2018;Lanniping;China;CHN;East Asia;320.0826138;1130.192228;;;
2019;Lanniping;China;CHN;East Asia;275.7571855;1133.936517;;;
2015;Laolaihong;China;CHN;East Asia;1903.934386;12181.45353;;;
2016;Laolaihong;China;CHN;East Asia;1903.934386;12181.45353;;;
2017;Laolaihong;China;CHN;East Asia;1889.216543;12181.45353;;;
2018;Laolaihong;China;CHN;East Asia;1860.910045;12193.77976;;;
2019;Laolaihong;China;CHN;East Asia;1817.162605;12193.77976;;;
2016;Laomingcao;China;CHN;East Asia;485.6242986;1131.153945;;;
2015;Lianhuashan;China;CHN;East Asia;233.0067749;1599.047006;;;
2016;Lianhuashan;China;CHN;East Asia;235.4227903;1599.047006;;;
2017;Lianhuashan;China;CHN;East Asia;233.0067749;1599.047006;;;
2018;Lianhuashan;China;CHN;East Asia;216.0657372;1599.047006;;;
2019;Lianhuashan;China;CHN;East Asia;226.1810099;1599.047006;;;
2015;Liwu;China;CHN;East Asia;422.1344833;964.5138548;;;
2016;Liwu;China;CHN;East Asia;427.8905871;964.5138548;;;
2017;Liwu;China;CHN;East Asia;428.3523095;964.5138548;;;
2018;Liwu;China;CHN;East Asia;393.4762068;964.5138548;;;
2019;Liwu;China;CHN;East Asia;428.3523095;964.5138548;;;
2015;Longteng;China;CHN;East Asia;1840.772633;12340.2372;;;
2016;Longteng;China;CHN;East Asia;1721.260048;12294.93622;;;
2017;Longteng;China;CHN;East Asia;1844.069215;12340.2372;;;
2018;Longteng;China;CHN;East Asia;1973.875742;12610.87565;;;
2019;Longteng;China;CHN;East Asia;1973.875742;12610.87565;;;
2015;Luodong;China;CHN;East Asia;394.0150439;1140.920641;;;
2016;Luodong;China;CHN;East Asia;399.2042786;1140.920641;;;
2017;Luodong;China;CHN;East Asia;397.9210208;1140.920641;;;
2018;Luodong;China;CHN;East Asia;386.5495566;1140.920641;;;
2019;Luodong;China;CHN;East Asia;393.4555372;1140.920641;;;
2015;Maoyuan;China;CHN;East Asia;325.0922969;1122.82612;;;
2016;Maoyuan;China;CHN;East Asia;367.7682095;1122.82612;;;
2017;Maoyuan;China;CHN;East Asia;351.8420399;1122.82612;;;
2018;Maoyuan;China;CHN;East Asia;345.3156938;1122.82612;;;
2019;Maoyuan;China;CHN;East Asia;356.3469612;1122.82612;;;
2015;Nanchong;China;CHN;East Asia;365.8919467;1123.898142;;;
2016;Nanchong;China;CHN;East Asia;369.3197334;1123.898142;;;
2017;Nanchong;China;CHN;East Asia;365.8919467;1123.898142;;;
2018;Nanchong;China;CHN;East Asia;352.1864442;1123.898142;;;
2019;Nanchong;China;CHN;East Asia;365.8919467;1123.898142;;;
2015;Nuoergai;China;CHN;East Asia;388.4697377;1163.267119;;;
2016;Nuoergai;China;CHN;East Asia;388.3973573;1163.267119;;;
2017;Nuoergai;China;CHN;East Asia;388.136648;1163.267119;;;
2018;Nuoergai;China;CHN;East Asia;388.0610766;1163.267119;;;
2019;Nuoergai;China;CHN;East Asia;388.7204957;1163.267119;;;
2017;Pulang;China;CHN;East Asia;2984.913892;14128.6794;;;
2018;Pulang;China;CHN;East Asia;4618.637773;14582.24258;;;
2019;Pulang;China;CHN;East Asia;5875.806535;14192.55774;;;
2016;Qiangrui;China;CHN;East Asia;1490.862338;2371.009498;;;
2015;Qiaoxiahala;China;CHN;East Asia;327.4462719;1125.716584;;;
2016;Qiaoxiahala;China;CHN;East Asia;331.3837311;1125.716584;;;
2017;Qiaoxiahala;China;CHN;East Asia;328.1301243;1125.716584;;;
2018;Qiaoxiahala;China;CHN;East Asia;323.2427245;1125.716584;;;
2019;Qiaoxiahala;China;CHN;East Asia;324.8975736;1125.716584;;;
2015;Quanli;China;CHN;East Asia;414.6942409;1123.898142;;;
2016;Quanli;China;CHN;East Asia;401.8880962;1123.898142;;;
2017;Quanli;China;CHN;East Asia;401.9726121;1123.898142;;;
2018;Quanli;China;CHN;East Asia;418.1960853;1123.898142;;;
2019;Quanli;China;CHN;East Asia;620.1165782;1176.083983;;;
2015;Saishitang;China;CHN;East Asia;3340.119545;10948.15296;;;
2016;Saishitang;China;CHN;East Asia;2559.763773;9998.715957;;;
2017;Saishitang;China;CHN;East Asia;3488.309561;10755.31416;;;
2018;Saishitang;China;CHN;East Asia;3155.35118;10961.74093;;;
2019;Saishitang;China;CHN;East Asia;3083.992775;10961.74093;;;
2016;Shengqian;China;CHN;East Asia;1817.775171;16323.94036;;;
2015;Shijiangjun;China;CHN;East Asia;677.6518852;1197.068277;;;
2016;Shijiangjun;China;CHN;East Asia;1844.207614;11642.23089;;;
2017;Shijiangjun;China;CHN;East Asia;606.3229901;1185.70148;;;
2018;Shijiangjun;China;CHN;East Asia;592.0578417;1185.70148;;;
2019;Shijiangjun;China;CHN;East Asia;661.441754;1197.068277;;;
2017;Shilong;China;CHN;East Asia;317.1572952;1123.084593;;;
2018;Shilong;China;CHN;East Asia;298.8696135;1123.084593;;;
2019;Shilong;China;CHN;East Asia;302.6440241;1123.084593;;;
2015;Shuangfo Conc. Plant;China;CHN;East Asia;2011.068731;12803.63136;;;
2016;Shuangfo Conc. Plant;China;CHN;East Asia;2039.532949;12801.01093;;;
2017;Shuangfo Conc. Plant;China;CHN;East Asia;2013.537383;12803.63136;;;
2018;Shuangfo Conc. Plant;China;CHN;East Asia;2066.929531;12917.72073;;;
2019;Shuangfo Conc. Plant;China;CHN;East Asia;1659.055547;11798.02765;;;
2015;Shuangfo Second Conc. Plant;China;CHN;East Asia;1572.255768;8266.126341;;;
2016;Shuangfo Second Conc. Plant;China;CHN;East Asia;1574.002455;8266.126341;;;
2017;Shuangfo Second Conc. Plant;China;CHN;East Asia;1576.625787;8266.126341;;;
2018;Shuangfo Second Conc. Plant;China;CHN;East Asia;1569.345732;8266.126341;;;
2019;Shuangfo Second Conc. Plant;China;CHN;East Asia;1535.898303;3654.180098;;;
2015;Shunqiang;China;CHN;East Asia;1807.76211;12189.52434;;;
2016;Shunqiang;China;CHN;East Asia;1944.551049;12481.00843;;;
2017;Shunqiang;China;CHN;East Asia;1873.598584;12189.52434;;;
2018;Shunqiang;China;CHN;East Asia;1807.76211;12189.52434;;;
2019;Shunqiang;China;CHN;East Asia;1626.46172;11370.59366;;;
2015;Soerkuduke;China;CHN;East Asia;789.1799273;1722.149867;;;
2016;Soerkuduke;China;CHN;East Asia;1438.754541;2968.001661;;;
2017;Soerkuduke;China;CHN;East Asia;765.3420533;1722.342479;;;
2018;Soerkuduke;China;CHN;East Asia;758.3281236;1722.342479;;;
2019;Soerkuduke;China;CHN;East Asia;707.0515986;1715.707477;;;
2015;Songjiang;China;CHN;East Asia;5711.693651;7232.07726;;;
2016;Songjiang;China;CHN;East Asia;5730.402561;7232.07726;;;
2017;Songjiang;China;CHN;East Asia;5692.047554;7232.07726;;;
2018;Songjiang;China;CHN;East Asia;5656.520411;7227.655042;;;
2019;Songjiang;China;CHN;East Asia;5692.047554;7232.07726;;;
2015;Sunan;China;CHN;East Asia;313.2497177;1163.267119;;;
2016;Sunan;China;CHN;East Asia;304.8027153;1138.738289;;;
2017;Sunan;China;CHN;East Asia;313.2497177;1163.267119;;;
2018;Sunan;China;CHN;East Asia;321.4309298;1163.267119;;;
2019;Sunan;China;CHN;East Asia;319.482349;1163.267119;;;
2015;Suolagou;China;CHN;East Asia;4189.593042;16154.29077;;;
2016;Suolagou;China;CHN;East Asia;4429.396205;16205.04868;;;
2017;Suolagou;China;CHN;East Asia;4254.50507;16221.04381;;;
2018;Suolagou;China;CHN;East Asia;4042.511982;17770.84592;;;
2019;Suolagou;China;CHN;East Asia;3312.981456;19337.41646;;;
2017;Suolajier;China;CHN;East Asia;4720.711498;16813.0761;;;
2018;Suolajier;China;CHN;East Asia;4647.336735;16910.61836;;;
2019;Suolajier;China;CHN;East Asia;4807.544789;16441.53837;;;
2015;Tangdan Conc. Plant;China;CHN;East Asia;3470.506905;7014.766821;;;
2016;Tangdan Conc. Plant;China;CHN;East Asia;3438.091298;7014.766821;;;
2017;Tangdan Conc. Plant;China;CHN;East Asia;1242.305923;2606.599163;;;
2018;Tangdan Conc. Plant;China;CHN;East Asia;3600.311818;6993.564741;;;
2019;Tangdan Conc. Plant;China;CHN;East Asia;3152.865874;7087.003024;;;
2017;Tangtang;China;CHN;East Asia;2188.012316;14210.46152;;;
2018;Tangtang;China;CHN;East Asia;2161.447901;14210.46152;;;
2019;Tangtang;China;CHN;East Asia;2173.3039;14210.46152;;;
2015;Tanyaokou;China;CHN;East Asia;381.1400095;1595.806402;;;
2016;Tanyaokou;China;CHN;East Asia;370.6217905;1595.806402;;;
2017;Tanyaokou;China;CHN;East Asia;384.970751;1595.806402;;;
2018;Tanyaokou;China;CHN;East Asia;381.1400095;1595.806402;;;
2019;Tanyaokou;China;CHN;East Asia;371.886652;1595.806402;;;
2015;Tonghe;China;CHN;East Asia;252.3989739;1128.982783;;;
2016;Tonghe;China;CHN;East Asia;261.9162522;1128.982783;;;
2017;Tonghe;China;CHN;East Asia;261.9162522;1128.982783;;;
2018;Tonghe;China;CHN;East Asia;231.7775693;1128.982783;;;
2019;Tonghe;China;CHN;East Asia;261.9162522;1128.982783;;;
2015;Tulaergen;China;CHN;East Asia;328.4857063;1076.788232;;;
2016;Tulaergen;China;CHN;East Asia;326.989398;1076.788232;;;
2017;Tulaergen;China;CHN;East Asia;319.6865264;1076.788232;;;
2018;Tulaergen;China;CHN;East Asia;311.6670077;1076.788232;;;
2019;Tulaergen;China;CHN;East Asia;311.0039444;1076.788232;;;
2015;Tuwu-Yandong;China;CHN;East Asia;1782.20308;16323.94036;;;
2016;Tuwu-Yandong;China;CHN;East Asia;1782.20308;16323.94036;;;
2017;Tuwu-Yandong;China;CHN;East Asia;1782.20308;16323.94036;;;
2018;Tuwu-Yandong;China;CHN;East Asia;1782.20308;16323.94036;;;
2019;Tuwu-Yandong;China;CHN;East Asia;1424.959692;2009.643591;;;
2015;Weilasituo;China;CHN;East Asia;2719.697548;17461.52241;;;
2016;Weilasituo;China;CHN;East Asia;2738.796827;16861.72085;;;
2017;Weilasituo;China;CHN;East Asia;2709.63236;17461.52241;;;
2018;Weilasituo;China;CHN;East Asia;2704.256978;17461.52241;;;
2019;Weilasituo;China;CHN;East Asia;2727.176875;17461.52241;;;
2015;Wunugetushan;China;CHN;East Asia;16650.25608;49111.94833;;;
2016;Wunugetushan;China;CHN;East Asia;18020.18237;50065.56529;;;
2017;Wunugetushan;China;CHN;East Asia;18106.39268;50104.97108;;;
2018;Wunugetushan;China;CHN;East Asia;18081.54414;50106.97641;;;
2019;Wunugetushan;China;CHN;East Asia;18380.43272;50328.91283;;;
2015;Wushan;China;CHN;East Asia;2168.16422;5953.131905;;;
2016;Wushan;China;CHN;East Asia;1963.111787;5720.974686;;;
2017;Wushan;China;CHN;East Asia;1900.747028;5594.569587;;;
2018;Wushan;China;CHN;East Asia;870.9331015;1726.261139;;;
2019;Wushan;China;CHN;East Asia;1265.30709;2619.77171;;;
2015;Wutonghua;China;CHN;East Asia;250.9015701;1140.184119;;;
2016;Wutonghua;China;CHN;East Asia;261.9042329;1140.184119;;;
2017;Wutonghua;China;CHN;East Asia;260.345151;1140.184119;;;
2018;Wutonghua;China;CHN;East Asia;221.3839941;1140.184119;;;
2019;Wutonghua;China;CHN;East Asia;250.1373425;1140.184119;;;
2018;Xietongmen;China;CHN;East Asia;629.3255309;1184.398053;;;
2019;Xietongmen;China;CHN;East Asia;1839.355603;12395.41444;;;
2015;Xiliduo;China;CHN;East Asia;1945.727588;13882.51757;;;
2016;Xiliduo;China;CHN;East Asia;1850.588616;13370.61481;;;
2017;Xiliduo;China;CHN;East Asia;1766.548146;13345.73916;;;
2018;Xiliduo;China;CHN;East Asia;1721.242897;13783.00788;;;
2019;Xiliduo;China;CHN;East Asia;1721.242897;13783.00788;;;
2017;Xingjiang;China;CHN;East Asia;1704.435838;16127.29312;;;
2018;Xingjiang;China;CHN;East Asia;1457.639207;2420.715252;;;
2019;Xingjiang;China;CHN;East Asia;1062.500389;1705.091205;;;
2017;Yangla;China;CHN;East Asia;1195.203342;1770.413847;;;
2018;Yangla;China;CHN;East Asia;2044.700633;16016.79964;;;
2019;Yangla;China;CHN;East Asia;1929.750058;15778.4095;;;
2015;Yaodongzao;China;CHN;East Asia;346.2744012;1171.663963;;;
2016;Yaodongzao;China;CHN;East Asia;350.7639363;1171.663963;;;
2017;Yaodongzao;China;CHN;East Asia;350.7639363;1171.663963;;;
2018;Yaodongzao;China;CHN;East Asia;349.8620705;1171.663963;;;
2019;Yaodongzao;China;CHN;East Asia;323.9612124;1171.663963;;;
2015;Yincan;China;CHN;East Asia;5007.540364;16760.05619;;;
2016;Yincan;China;CHN;East Asia;5007.540364;16760.05619;;;
2017;Yincan;China;CHN;East Asia;5093.864278;16706.03069;;;
2018;Yincan;China;CHN;East Asia;5043.794623;16760.05619;;;
2019;Yincan;China;CHN;East Asia;4740.927983;17750.78556;;;
2015;Yinlu;China;CHN;East Asia;1625.449296;12820.44816;;;
2016;Yinlu;China;CHN;East Asia;1607.571152;12820.44816;;;
2017;Yinlu;China;CHN;East Asia;1625.449296;12820.44816;;;
2018;Yinlu;China;CHN;East Asia;1625.449296;12820.44816;;;
2019;Yinlu;China;CHN;East Asia;1625.449296;12820.44816;;;
2015;Yinmin;China;CHN;East Asia;413.2836569;1125.716584;;;
2016;Yinmin;China;CHN;East Asia;413.2836569;1125.716584;;;
2017;Yinmin;China;CHN;East Asia;412.0346969;1125.716584;;;
2018;Yinmin;China;CHN;East Asia;421.4165185;1126.263248;;;
2019;Yinmin;China;CHN;East Asia;412.0346969;1125.716584;;;
2015;Yulong;China;CHN;East Asia;2255.198137;6885.371442;;;
2016;Yulong;China;CHN;East Asia;2255.198137;6885.371442;;;
2017;Yulong;China;CHN;East Asia;2255.198137;6885.371442;;;
2018;Yulong;China;CHN;East Asia;4858.065992;7567.588011;;;
2019;Yulong;China;CHN;East Asia;5771.864046;7582.537843;;;
2016;Zhaoxin;China;CHN;East Asia;360.6934263;1131.153945;;;
2015;Zhixincheng Conc. Plant;China;CHN;East Asia;2329.108901;13539.06862;;;
2016;Zhixincheng Conc. Plant;China;CHN;East Asia;2288.450785;13539.06862;;;
2017;Zhixincheng Conc. Plant;China;CHN;East Asia;2276.57678;13539.06862;;;
2018;Zhixincheng Conc. Plant;China;CHN;East Asia;2319.377256;13539.06862;;;
2019;Zhixincheng Conc. Plant;China;CHN;East Asia;2284.582443;13539.06862;;;
2015;Zhurihe;China;CHN;East Asia;2131.217052;12928.06629;;;
2016;Zhurihe;China;CHN;East Asia;1584.111671;8316.375192;;;
2017;Zhurihe;China;CHN;East Asia;2131.217052;12928.06629;;;
2018;Zhurihe;China;CHN;East Asia;2202.55273;12929.80054;;;
2019;Zhurihe;China;CHN;East Asia;2527.808143;12956.67606;;;
2015;Zihao;China;CHN;East Asia;2409.96198;13559.15126;;;
2016;Zihao;China;CHN;East Asia;2477.607241;13540.87583;;;
2017;Zihao;China;CHN;East Asia;2478.65575;13540.87583;;;
2018;Zihao;China;CHN;East Asia;2383.653375;13559.15126;;;
2019;Zihao;China;CHN;East Asia;2409.96198;13559.15126;;;
2015;Grasberg;Indonesia;IDN;East Asia;37890.50895;202244.507;;;
2016;Grasberg;Indonesia;IDN;East Asia;55774.65205;176634.164;;;
2017;Grasberg;Indonesia;IDN;East Asia;55368.46336;176243.3496;;;
2018;Grasberg;Indonesia;IDN;East Asia;63107;176156;;;
2019;Grasberg;Indonesia;IDN;East Asia;44915;122901;;;
2015;Wetar;Indonesia;IDN;East Asia;440.8767249;966.475149;;;
2016;Wetar;Indonesia;IDN;East Asia;552.4615977;994.6809228;;;
2017;Wetar;Indonesia;IDN;East Asia;1060.960622;1497.310228;;;
2018;Wetar;Indonesia;IDN;East Asia;431.744;966.475149;;;
2019;Wetar;Indonesia;IDN;East Asia;530.6;996.7928801;;;
2015;Erdenet;Mongolia;MNG;East Asia;23672.87829;103346.0105;;;
2016;Erdenet;Mongolia;MNG;East Asia;25039.704;136565.2055;;;
2017;Erdenet;Mongolia;MNG;East Asia;25035.71559;136565.2055;;;
2018;Erdenet;Mongolia;MNG;East Asia;25035.71559;136565.2055;;;
2019;Erdenet;Mongolia;MNG;East Asia;28291.61595;179765.2504;;;
2015;Oyu Tolgoi;Mongolia;MNG;East Asia;14540.077;100972.7569;;;
2016;Oyu Tolgoi;Mongolia;MNG;East Asia;16138.296;116944.1739;;;
2017;Oyu Tolgoi;Mongolia;MNG;East Asia;16470.8;119353.6232;;;
2018;Oyu Tolgoi;Mongolia;MNG;East Asia;15495.2;129126.6667;;;
2019;Oyu Tolgoi;Mongolia;MNG;East Asia;16310.8;125467.6923;;;
2016;Letpadaung Mountain;Myanmar;MMR;East Asia;5764.432683;16595.76917;;;
2017;Letpadaung Mountain;Myanmar;MMR;East Asia;19839.2811;45337.95153;;;
2018;Letpadaung Mountain;Myanmar;MMR;East Asia;22416.94928;67239.60224;;;
2019;Letpadaung Mountain;Myanmar;MMR;East Asia;23842.56308;92045.6546;;;
2015;Monywa;Myanmar;MMR;East Asia;3092.329462;15222.62183;;;
2016;Monywa;Myanmar;MMR;East Asia;4041.64464;15466.35606;;;
2017;Monywa;Myanmar;MMR;East Asia;4041.64464;15466.35606;;;
2018;Monywa;Myanmar;MMR;East Asia;4041.64464;15466.35606;;;
2019;Monywa;Myanmar;MMR;East Asia;4041.64464;15466.35606;;;
2015;Ban Phuc;Vietnam;VNM;East Asia;404.8872138;1684.726789;;;
2016;Ban Phuc;Vietnam;VNM;East Asia;340.9630625;1684.726789;;;
2015;Gedabek;Azerbaijan;AZE;Europe & Central Asia;2715.286895;7111.32405;;;
2016;Gedabek;Azerbaijan;AZE;Europe & Central Asia;1347.050097;2058.521936;;;
2017;Gedabek;Azerbaijan;AZE;Europe & Central Asia;1337.603025;2058.521936;;;
2018;Gedabek;Azerbaijan;AZE;Europe & Central Asia;1381.780803;2091.103136;;;
2019;Gedabek;Azerbaijan;AZE;Europe & Central Asia;1449.637581;2262.020829;;;
2015;Ellatzite;Bulgaria;BGR;Europe & Central Asia;6655.726902;18829.39598;;;
2016;Ellatzite;Bulgaria;BGR;Europe & Central Asia;6640.517485;18829.39598;;;
2017;Ellatzite;Bulgaria;BGR;Europe & Central Asia;6748.422946;18936.6793;;;
2018;Ellatzite;Bulgaria;BGR;Europe & Central Asia;6748.422946;18936.6793;;;
2019;Ellatzite;Bulgaria;BGR;Europe & Central Asia;6748.422946;18936.6793;;;
2015;Kevitsa;Finland;FIN;Europe & Central Asia;2777.184347;14755.64342;;;
2016;Kevitsa;Finland;FIN;Europe & Central Asia;3208.267155;16430.41869;;;
2017;Kevitsa;Finland;FIN;Europe & Central Asia;5028.664878;16507.36906;;;
2018;Kevitsa;Finland;FIN;Europe & Central Asia;4818.212118;16593.16574;;;
2019;Kevitsa;Finland;FIN;Europe & Central Asia;3051.912516;16102.96676;;;
2015;Kylylahti;Finland;FIN;Europe & Central Asia;3559.42128;8201.152964;;;
2016;Kylylahti;Finland;FIN;Europe & Central Asia;3506.752644;8200.549068;;;
2017;Kylylahti;Finland;FIN;Europe & Central Asia;4011.367893;9143.372791;;;
2018;Kylylahti;Finland;FIN;Europe & Central Asia;4240.368254;9193.377834;;;
2019;Kylylahti;Finland;FIN;Europe & Central Asia;4160.895414;9151.08214;;;
2015;Pyhasalmi;Finland;FIN;Europe & Central Asia;3529.495843;7206.939673;;;
2016;Pyhasalmi;Finland;FIN;Europe & Central Asia;3471.54047;7206.939673;;;
2017;Pyhasalmi;Finland;FIN;Europe & Central Asia;3674.384612;7215.461771;;;
2018;Pyhasalmi;Finland;FIN;Europe & Central Asia;3537.957319;7206.939673;;;
2019;Pyhasalmi;Finland;FIN;Europe & Central Asia;4871;6765;;;
2015;Benkala;Kazakhstan;KAZ;Europe & Central Asia;2915.421284;14361.998;;;
2016;Benkala;Kazakhstan;KAZ;Europe & Central Asia;2915.421284;14361.998;;;
2017;Benkala;Kazakhstan;KAZ;Europe & Central Asia;2915.421284;14361.998;;;
2018;Benkala;Kazakhstan;KAZ;Europe & Central Asia;2915.421284;14361.998;;;
2019;Benkala;Kazakhstan;KAZ;Europe & Central Asia;2915.421284;14361.998;;;
2015;Kounrad Dump;Kazakhstan;KAZ;Europe & Central Asia;809.7073431;719.8357686;;;
2016;Kounrad Dump;Kazakhstan;KAZ;Europe & Central Asia;630.0657717;709.3079142;;;
2017;Kounrad Dump;Kazakhstan;KAZ;Europe & Central Asia;480;480;;;
2018;Kounrad Dump;Kazakhstan;KAZ;Europe & Central Asia;653;653;;;
2019;Kounrad Dump;Kazakhstan;KAZ;Europe & Central Asia;614;614;;;
2015;Zhezkazgan Complex;Kazakhstan;KAZ;Europe & Central Asia;22145.80992;70919.85745;;;
2016;Zhezkazgan Complex;Kazakhstan;KAZ;Europe & Central Asia;21922.07468;71439.90943;;;
2017;Zhezkazgan Complex;Kazakhstan;KAZ;Europe & Central Asia;21869.30951;71439.90943;;;
2018;Zhezkazgan Complex;Kazakhstan;KAZ;Europe & Central Asia;21258.45523;70462.8988;;;
2019;Zhezkazgan Complex;Kazakhstan;KAZ;Europe & Central Asia;21869.30951;71439.90943;;;
2015;Buribayevsky;Russia;RUS;Europe & Central Asia;5031.851663;7955.336303;;;
2016;Buribayevsky;Russia;RUS;Europe & Central Asia;4982.902876;7955.336303;;;
2017;Buribayevsky;Russia;RUS;Europe & Central Asia;4586.732653;8017.976119;;;
2018;Buribayevsky;Russia;RUS;Europe & Central Asia;3681.066373;8177.11016;;;
2019;Buribayevsky;Russia;RUS;Europe & Central Asia;3360.769407;8347.453684;;;
2018;Bystrinskoye;Russia;RUS;Europe & Central Asia;2210.795746;12266.43672;;;
2019;Bystrinskoye;Russia;RUS;Europe & Central Asia;3469.339843;14060.85846;;;
2015;Rubtsovskoye;Russia;RUS;Europe & Central Asia;2482.653801;7826.770062;;;
2016;Rubtsovskoye;Russia;RUS;Europe & Central Asia;2513.733621;7826.770062;;;
2017;Rubtsovskoye;Russia;RUS;Europe & Central Asia;2513.733621;7826.770062;;;
2018;Rubtsovskoye;Russia;RUS;Europe & Central Asia;2290.736197;7782.952311;;;
2019;Rubtsovskoye;Russia;RUS;Europe & Central Asia;2310.603012;7780.171126;;;
2015;Urupsky;Russia;RUS;Europe & Central Asia;5034.332947;9037.654873;;;
2016;Urupsky;Russia;RUS;Europe & Central Asia;5034.332947;9037.654873;;;
2017;Urupsky;Russia;RUS;Europe & Central Asia;5034.332947;9037.654873;;;
2018;Urupsky;Russia;RUS;Europe & Central Asia;5034.332947;9037.654873;;;
2019;Urupsky;Russia;RUS;Europe & Central Asia;5034.332947;9037.654873;;;
2015;Zarechenskoye;Russia;RUS;Europe & Central Asia;3232.829975;7233.584092;;;
2016;Zarechenskoye;Russia;RUS;Europe & Central Asia;3232.829975;7233.584092;;;
2017;Zarechenskoye;Russia;RUS;Europe & Central Asia;3197.179055;9825.138605;;;
2018;Zarechenskoye;Russia;RUS;Europe & Central Asia;3208.919594;6939.130104;;;
2019;Zarechenskoye;Russia;RUS;Europe & Central Asia;3208.919594;6939.130104;;;
2015;Zhireken;Russia;RUS;Europe & Central Asia;2997.656948;16158.58504;;;
2016;Zhireken;Russia;RUS;Europe & Central Asia;2997.656948;16158.58504;;;
2017;Zhireken;Russia;RUS;Europe & Central Asia;2997.656948;16158.58504;;;
2018;Zhireken;Russia;RUS;Europe & Central Asia;2997.656948;16158.58504;;;
2019;Zhireken;Russia;RUS;Europe & Central Asia;2997.656948;16158.58504;;;
2015;Aitik;Sweden;SWE;Europe & Central Asia;21189.00964;63899.23989;;;
2016;Aitik;Sweden;SWE;Europe & Central Asia;23107.26176;87139.96831;;;
2017;Aitik;Sweden;SWE;Europe & Central Asia;22458.37663;67416.8241;;;
2018;Aitik;Sweden;SWE;Europe & Central Asia;21920.06698;64714.20538;;;
2019;Aitik;Sweden;SWE;Europe & Central Asia;24410.7651;89127.56093;;;
2015;Boliden Area;Sweden;SWE;Europe & Central Asia;3760.862762;7220.494114;;;
2016;Boliden Area;Sweden;SWE;Europe & Central Asia;3659.561951;7250.742923;;;
2017;Boliden Area;Sweden;SWE;Europe & Central Asia;3726.832428;7249.704664;;;
2018;Boliden Area;Sweden;SWE;Europe & Central Asia;3793.18582;7220.494114;;;
2019;Boliden Area;Sweden;SWE;Europe & Central Asia;3828.057061;7220.494114;;;
2015;Garpenberg;Sweden;SWE;Europe & Central Asia;3325.717119;7747.949865;;;
2016;Garpenberg;Sweden;SWE;Europe & Central Asia;3319.294036;7747.949865;;;
2017;Garpenberg;Sweden;SWE;Europe & Central Asia;3325.76789;7747.949865;;;
2018;Garpenberg;Sweden;SWE;Europe & Central Asia;3323.1377;7747.949865;;;
2019;Garpenberg;Sweden;SWE;Europe & Central Asia;3334.688151;7800.399978;;;
2015;Cayeli;Turkey;TUR;Europe & Central Asia;1756.852199;7470.612473;;;
2016;Cayeli;Turkey;TUR;Europe & Central Asia;1884.22954;7484.182189;;;
2017;Cayeli;Turkey;TUR;Europe & Central Asia;2204.627411;7713.16533;;;
2018;Cayeli;Turkey;TUR;Europe & Central Asia;1703.332843;7449.001156;;;
2019;Cayeli;Turkey;TUR;Europe & Central Asia;3750;4412;;;
2015;Don Mario;Bolivia;BOL;Latin America & Caribbean;503.4389075;1060.978899;;;
2016;Don Mario;Bolivia;BOL;Latin America & Caribbean;474.8369306;1060.978899;;;
2017;Don Mario;Bolivia;BOL;Latin America & Caribbean;472.45871;1060.978899;;;
2018;Don Mario;Bolivia;BOL;Latin America & Caribbean;472.6026333;1060.978899;;;
2016;San Vicente;Bolivia;BOL;Latin America & Caribbean;220.444;1589.407651;;;
2017;San Vicente;Bolivia;BOL;Latin America & Caribbean;157.902;1606.101726;;;
2018;San Vicente;Bolivia;BOL;Latin America & Caribbean;56.38;1603.972216;;;
2019;San Vicente;Bolivia;BOL;Latin America & Caribbean;184.423;1606.101726;;;
2015;Chapada;Brazil;BRA;Latin America & Caribbean;21173.49965;61774.37627;;;
2016;Chapada;Brazil;BRA;Latin America & Caribbean;18792.61177;42460.08884;;;
2017;Chapada;Brazil;BRA;Latin America & Caribbean;20777.59133;61713.9551;;;
2018;Chapada;Brazil;BRA;Latin America & Caribbean;21002.27726;61690.29814;;;
2019;Chapada;Brazil;BRA;Latin America & Caribbean;5610;16593.37258;;;
2015;MCSA Mining Complex;Brazil;BRA;Latin America & Caribbean;1042.193282;1913.468291;;;
2016;MCSA Mining Complex;Brazil;BRA;Latin America & Caribbean;416.375121;1104.31932;;;
2017;MCSA Mining Complex;Brazil;BRA;Latin America & Caribbean;1126.030937;1997.856373;;;
2018;MCSA Mining Complex;Brazil;BRA;Latin America & Caribbean;309.359;1104.31932;;;
2019;MCSA Mining Complex;Brazil;BRA;Latin America & Caribbean;3934.293;10973.01419;;;
2015;Rio Verde;Brazil;BRA;Latin America & Caribbean;2203.984272;17167.22291;;;
2016;Rio Verde;Brazil;BRA;Latin America & Caribbean;2250.686523;17167.22291;;;
2017;Rio Verde;Brazil;BRA;Latin America & Caribbean;2103.076646;17153.485;;;
2018;Rio Verde;Brazil;BRA;Latin America & Caribbean;2247.107948;17167.22291;;;
2019;Rio Verde;Brazil;BRA;Latin America & Caribbean;730.1309933;1249.429124;;;
2015;Salobo;Brazil;BRA;Latin America & Caribbean;22299.90435;68443.73334;;;
2016;Salobo;Brazil;BRA;Latin America & Caribbean;24876.28897;125850.6918;;;
2017;Salobo;Brazil;BRA;Latin America & Caribbean;28753.05906;165071.3129;;;
2018;Salobo;Brazil;BRA;Latin America & Caribbean;28774.53029;165071.3129;;;
2019;Salobo;Brazil;BRA;Latin America & Caribbean;28339.51476;163816.6387;;;
2016;Santa Rita;Brazil;BRA;Latin America & Caribbean;306.411518;765.2749996;;;
2015;Sossego;Brazil;BRA;Latin America & Caribbean;13406.56006;85018.14849;;;
2016;Sossego;Brazil;BRA;Latin America & Caribbean;12944.85483;71612.01344;;;
2017;Sossego;Brazil;BRA;Latin America & Caribbean;13297.49503;83107.0603;;;
2018;Sossego;Brazil;BRA;Latin America & Caribbean;12957.92799;71612.01344;;;
2019;Sossego;Brazil;BRA;Latin America & Caribbean;10990.82948;54085.88637;;;
2015;Antucoya;Chile;CHL;Latin America & Caribbean;4967.884401;15420.9233;;;
2016;Antucoya;Chile;CHL;Latin America & Caribbean;11857.536;34620.27904;;;
2017;Antucoya;Chile;CHL;Latin America & Caribbean;12614.4;40711.20249;;;
2018;Antucoya;Chile;CHL;Latin America & Caribbean;11843.73223;34620.27904;;;
2019;Antucoya;Chile;CHL;Latin America & Caribbean;11229.50235;33464.39443;;;
2015;Atacama Kozan;Chile;CHL;Latin America & Caribbean;382.9625888;1323.461315;;;
2016;Atacama Kozan;Chile;CHL;Latin America & Caribbean;382.9625888;1323.461315;;;
2017;Atacama Kozan;Chile;CHL;Latin America & Caribbean;382.9625888;1323.461315;;;
2018;Atacama Kozan;Chile;CHL;Latin America & Caribbean;382.9625888;1323.461315;;;
2019;Atacama Kozan;Chile;CHL;Latin America & Caribbean;382.9625888;1323.461315;;;
2015;Candelaria;Chile;CHL;Latin America & Caribbean;18861.3805;53386.23296;;;
2016;Candelaria;Chile;CHL;Latin America & Caribbean;15011.136;51537.12624;;;
2017;Candelaria;Chile;CHL;Latin America & Caribbean;12194.9712;48058.96307;;;
2018;Candelaria;Chile;CHL;Latin America & Caribbean;11255.51376;40785.22356;;;
2019;Candelaria;Chile;CHL;Latin America & Caribbean;8559.18576;36137.62652;;;
2015;Carmen de Andacollo;Chile;CHL;Latin America & Caribbean;11476.33285;33624.41904;;;
2016;Carmen de Andacollo;Chile;CHL;Latin America & Caribbean;11321.424;33624.41904;;;
2017;Carmen de Andacollo;Chile;CHL;Latin America & Caribbean;13497.408;42280.49396;;;
2018;Carmen de Andacollo;Chile;CHL;Latin America & Caribbean;11195.28;33624.41904;;;
2019;Carmen de Andacollo;Chile;CHL;Latin America & Caribbean;9839.232;29985.80858;;;
2015;Caserones;Chile;CHL;Latin America & Caribbean;8964.725143;30190.63791;;;
2016;Caserones;Chile;CHL;Latin America & Caribbean;8798.544;29644.26945;;;
2017;Caserones;Chile;CHL;Latin America & Caribbean;4929.0768;15461.73677;;;
2018;Caserones;Chile;CHL;Latin America & Caribbean;5799.4704;15357.64291;;;
2019;Caserones;Chile;CHL;Latin America & Caribbean;8748.0864;29644.26945;;;
2015;Centinela Oxide;Chile;CHL;Latin America & Caribbean;7900.369709;29386.82729;;;
2016;Centinela Oxide;Chile;CHL;Latin America & Caribbean;5677.541086;14256.09246;;;
2017;Centinela Oxide;Chile;CHL;Latin America & Caribbean;5756.879312;14272.08192;;;
2018;Centinela Oxide;Chile;CHL;Latin America & Caribbean;15176.9547;45428.20624;;;
2019;Centinela Oxide;Chile;CHL;Latin America & Caribbean;7872.137671;29386.82729;;;
2015;Centinela Sulfide;Chile;CHL;Latin America & Caribbean;16062.85312;45714.23543;;;
2016;Centinela Sulfide;Chile;CHL;Latin America & Caribbean;30652.992;156133.9949;;;
2017;Centinela Sulfide;Chile;CHL;Latin America & Caribbean;30952.89936;156133.9949;;;
2018;Centinela Sulfide;Chile;CHL;Latin America & Caribbean;31779.46996;150277.0965;;;
2019;Centinela Sulfide;Chile;CHL;Latin America & Caribbean;30820.76352;156133.9949;;;
2015;Cerro Colorado;Chile;CHL;Latin America & Caribbean;4568.691097;14287.1046;;;
2016;Cerro Colorado;Chile;CHL;Latin America & Caribbean;4005.072;14155.12895;;;
2017;Cerro Colorado;Chile;CHL;Latin America & Caribbean;3784.32;13985.05454;;;
2018;Cerro Colorado;Chile;CHL;Latin America & Caribbean;4068.144;14155.12895;;;
2019;Cerro Colorado;Chile;CHL;Latin America & Caribbean;3867.25968;13987.87534;;;
2015;Chuquicamata;Chile;CHL;Latin America & Caribbean;48180.34608;307775.9071;;;
2016;Chuquicamata;Chile;CHL;Latin America & Caribbean;42605.136;317026.7678;;;
2017;Chuquicamata;Chile;CHL;Latin America & Caribbean;48404.6064;307775.9071;;;
2018;Chuquicamata;Chile;CHL;Latin America & Caribbean;60420.76848;304324.4965;;;
2019;Chuquicamata;Chile;CHL;Latin America & Caribbean;62964.7776;304324.4965;;;
2015;Collahuasi;Chile;CHL;Latin America & Caribbean;37984.41442;350503.9593;;;
2016;Collahuasi;Chile;CHL;Latin America & Caribbean;34594.992;351676.3313;;;
2017;Collahuasi;Chile;CHL;Latin America & Caribbean;34216.56;347269.5448;;;
2018;Collahuasi;Chile;CHL;Latin America & Caribbean;33144.336;329981.0317;;;
2019;Collahuasi;Chile;CHL;Latin America & Caribbean;34342.704;351676.3313;;;
2015;El Abra;Chile;CHL;Latin America & Caribbean;19375.47317;48585.21461;;;
2016;El Abra;Chile;CHL;Latin America & Caribbean;6937.92;15318.35051;;;
2017;El Abra;Chile;CHL;Latin America & Caribbean;7174.919347;30062.48559;;;
2018;El Abra;Chile;CHL;Latin America & Caribbean;6076.9872;15757.54542;;;
2019;El Abra;Chile;CHL;Latin America & Caribbean;6594.1776;14514.88114;;;
2015;Escondida;Chile;CHL;Latin America & Caribbean;97718.88605;196368.3836;;;
2016;Escondida;Chile;CHL;Latin America & Caribbean;71113.68;191104.0593;;;
2017;Escondida;Chile;CHL;Latin America & Caribbean;82151.28;191074.1752;;;
2018;Escondida;Chile;CHL;Latin America & Caribbean;101861.28;196430.0381;;;
2019;Escondida;Chile;CHL;Latin America & Caribbean;100905.7392;196430.0381;;;
2015;Franke;Chile;CHL;Latin America & Caribbean;1267.567106;2002.732456;;;
2016;Franke;Chile;CHL;Latin America & Caribbean;1419.12;2162.12374;;;
2017;Franke;Chile;CHL;Latin America & Caribbean;1126.46592;1998.48658;;;
2018;Franke;Chile;CHL;Latin America & Caribbean;1275.31584;2002.732456;;;
2019;Franke;Chile;CHL;Latin America & Caribbean;1184.311538;2002.359846;;;
2015;Gabriela Mistral;Chile;CHL;Latin America & Caribbean;8193.90045;29413.127;;;
2016;Gabriela Mistral;Chile;CHL;Latin America & Caribbean;6559.488;16605.36194;;;
2017;Gabriela Mistral;Chile;CHL;Latin America & Caribbean;7442.496;27812.01809;;;
2018;Gabriela Mistral;Chile;CHL;Latin America & Caribbean;6628.55184;16605.36194;;;
2019;Gabriela Mistral;Chile;CHL;Latin America & Caribbean;6874.848;16491.22551;;;
2015;Las Luces;Chile;CHL;Latin America & Caribbean;653.3425892;1399.98083;;;
2016;Las Luces;Chile;CHL;Latin America & Caribbean;653.3425892;1399.98083;;;
2017;Las Luces;Chile;CHL;Latin America & Caribbean;611.2121667;1348.940753;;;
2018;Las Luces;Chile;CHL;Latin America & Caribbean;653.3425892;1399.98083;;;
2019;Las Luces;Chile;CHL;Latin America & Caribbean;653.3425892;1399.98083;;;
2015;Lomas Bayas;Chile;CHL;Latin America & Caribbean;7925.166546;30256.83369;;;
2016;Lomas Bayas;Chile;CHL;Latin America & Caribbean;6117.984;18869.94939;;;
2017;Lomas Bayas;Chile;CHL;Latin America & Caribbean;6093.990934;18869.94939;;;
2018;Lomas Bayas;Chile;CHL;Latin America & Caribbean;6161.751;18876.98913;;;
2019;Lomas Bayas;Chile;CHL;Latin America & Caribbean;7800.898939;29491.5992;;;
2015;Mantos Blancos;Chile;CHL;Latin America & Caribbean;3975.299097;6640.421331;;;
2016;Mantos Blancos;Chile;CHL;Latin America & Caribbean;3520.993126;7479.341898;;;
2017;Mantos Blancos;Chile;CHL;Latin America & Caribbean;3556.086165;7466.278066;;;
2018;Mantos Blancos;Chile;CHL;Latin America & Caribbean;3597.687466;7505.140151;;;
2019;Mantos Blancos;Chile;CHL;Latin America & Caribbean;5915.325665;7455.719362;;;
2015;Mantos de la Luna;Chile;CHL;Latin America & Caribbean;1102.685863;1983.028916;;;
2016;Mantos de la Luna;Chile;CHL;Latin America & Caribbean;1102.685863;1983.028916;;;
2017;Mantos de la Luna;Chile;CHL;Latin America & Caribbean;1026.544901;1833.471071;;;
2018;Mantos de la Luna;Chile;CHL;Latin America & Caribbean;1102.685863;1983.028916;;;
2019;Mantos de la Luna;Chile;CHL;Latin America & Caribbean;1102.685863;1983.028916;;;
2015;Mantoverde;Chile;CHL;Latin America & Caribbean;4420.428311;15445.2134;;;
2016;Mantoverde;Chile;CHL;Latin America & Caribbean;2877.485413;14256.57954;;;
2015;Michilla/Lince;Chile;CHL;Latin America & Caribbean;1887.579004;8595.247749;;;
2015;Mina Ministro Hales SX-EW;Chile;CHL;Latin America & Caribbean;1775.184621;15383.34662;;;
2016;Mina Ministro Hales SX-EW;Chile;CHL;Latin America & Caribbean;1775.184621;15383.34662;;;
2017;Mina Ministro Hales SX-EW;Chile;CHL;Latin America & Caribbean;1775.184621;15383.34662;;;
2015;Ministro Hales;Chile;CHL;Latin America & Caribbean;12018.69159;73866.30966;;;
2016;Ministro Hales;Chile;CHL;Latin America & Caribbean;13308.192;98513.91506;;;
2017;Ministro Hales;Chile;CHL;Latin America & Caribbean;14033.52;110356.7243;;;
2018;Ministro Hales;Chile;CHL;Latin America & Caribbean;12703.96224;78037.42727;;;
2019;Ministro Hales;Chile;CHL;Latin America & Caribbean;11895.3792;59205.6976;;;
2015;Punitaqui;Chile;CHL;Latin America & Caribbean;843.9205609;1827.435188;;;
2016;Punitaqui;Chile;CHL;Latin America & Caribbean;871.6834198;1821.357411;;;
2017;Punitaqui;Chile;CHL;Latin America & Caribbean;411.6505881;1684.726789;;;
2018;Punitaqui;Chile;CHL;Latin America & Caribbean;362.5528543;1684.726789;;;
2019;Punitaqui;Chile;CHL;Latin America & Caribbean;443.3844049;1684.726789;;;
2015;Punta del Cobre;Chile;CHL;Latin America & Caribbean;9609.774502;30040.91598;;;
2016;Punta del Cobre;Chile;CHL;Latin America & Caribbean;9560.673;30040.91598;;;
2017;Punta del Cobre;Chile;CHL;Latin America & Caribbean;7680.045287;28378.37367;;;
2018;Punta del Cobre;Chile;CHL;Latin America & Caribbean;9609.774502;30040.91598;;;
2019;Punta del Cobre;Chile;CHL;Latin America & Caribbean;9609.774502;30040.91598;;;
2015;Quebrada Blanca;Chile;CHL;Latin America & Caribbean;5147.088993;14226.83504;;;
2016;Quebrada Blanca;Chile;CHL;Latin America & Caribbean;2144.448;12870.518;;;
2017;Quebrada Blanca;Chile;CHL;Latin America & Caribbean;1608.336;11715.40019;;;
2018;Quebrada Blanca;Chile;CHL;Latin America & Caribbean;1728.80352;12294.93622;;;
2019;Quebrada Blanca;Chile;CHL;Latin America & Caribbean;3789.68112;14225.29056;;;
2015;Quellaveco;Chile;CHL;Latin America & Caribbean;1435.970819;2305.808968;;;
2016;Quellaveco;Chile;CHL;Latin America & Caribbean;160;1171.663963;;;
2017;Quellaveco;Chile;CHL;Latin America & Caribbean;1130;1767.344788;;;
2018;Quellaveco;Chile;CHL;Latin America & Caribbean;856;1253.105245;;;
2019;Quellaveco;Chile;CHL;Latin America & Caribbean;1668;15162.55382;;;
2015;Radomiro Tomic;Chile;CHL;Latin America & Caribbean;11852.11449;38240.74519;;;
2016;Radomiro Tomic;Chile;CHL;Latin America & Caribbean;8546.256;30123.37563;;;
2017;Radomiro Tomic;Chile;CHL;Latin America & Caribbean;9135.9792;30671.12205;;;
2018;Radomiro Tomic;Chile;CHL;Latin America & Caribbean;9246.98592;31359.23202;;;
2019;Radomiro Tomic;Chile;CHL;Latin America & Caribbean;9960.01488;33316.57701;;;
2015;Salvador;Chile;CHL;Latin America & Caribbean;16847.99646;52114.40814;;;
2016;Salvador;Chile;CHL;Latin America & Caribbean;26174.88;148277.1023;;;
2017;Salvador;Chile;CHL;Latin America & Caribbean;24219.648;99888.66715;;;
2018;Salvador;Chile;CHL;Latin America & Caribbean;22482.96048;69350.30684;;;
2019;Salvador;Chile;CHL;Latin America & Caribbean;18637.776;53351.78959;;;
2015;Sierra Gorda;Chile;CHL;Latin America & Caribbean;15557.96249;45342.10389;;;
2016;Sierra Gorda;Chile;CHL;Latin America & Caribbean;23588.928;91581.28123;;;
2017;Sierra Gorda;Chile;CHL;Latin America & Caribbean;23617.3104;91612.8357;;;
2018;Sierra Gorda;Chile;CHL;Latin America & Caribbean;28603.152;155077.7901;;;
2019;Sierra Gorda;Chile;CHL;Latin America & Caribbean;26458.704;143698.1202;;;
2015;Spence;Chile;CHL;Latin America & Caribbean;9395.165127;32491.3037;;;
2016;Spence;Chile;CHL;Latin America & Caribbean;6433.344;16696.12137;;;
2017;Spence;Chile;CHL;Latin America & Caribbean;6907.371951;14992.76237;;;
2018;Spence;Chile;CHL;Latin America & Caribbean;6748.704;14991.80142;;;
2019;Spence;Chile;CHL;Latin America & Caribbean;7059.3336;27765.4682;;;
2015;Zaldivar;Chile;CHL;Latin America & Caribbean;7517.916227;29497.56277;;;
2016;Zaldivar;Chile;CHL;Latin America & Caribbean;6685.632;14687.86217;;;
2017;Zaldivar;Chile;CHL;Latin America & Caribbean;6687.83952;12573.1383;;;
2018;Zaldivar;Chile;CHL;Latin America & Caribbean;6633.617313;12471.20055;;;
2019;Zaldivar;Chile;CHL;Latin America & Caribbean;6745.23504;12444.95865;;;
2015;El Roble;Colombia;COL;Latin America & Caribbean;390.6781278;1255.236587;;;
2016;El Roble;Colombia;COL;Latin America & Caribbean;426.4480681;1255.236587;;;
2017;El Roble;Colombia;COL;Latin America & Caribbean;454.7610319;1255.236587;;;
2018;El Roble;Colombia;COL;Latin America & Caribbean;467.3971149;1255.236587;;;
2019;El Roble;Colombia;COL;Latin America & Caribbean;405.8497267;1255.236587;;;
2015;El Corazon;Ecuador;ECU;Latin America & Caribbean;1495.006127;3839.950362;;;
2019;Mirador;Ecuador;ECU;Latin America & Caribbean;4145.264199;14254.47658;;;
2015;Alamo Dorado;Mexico;MEX;Latin America & Caribbean;328.3424367;966.475149;;;
2016;Alamo Dorado;Mexico;MEX;Latin America & Caribbean;512.659;987.5179565;;;
2017;Alamo Dorado;Mexico;MEX;Latin America & Caribbean;155.954;966.475149;;;
2018;Alamo Dorado;Mexico;MEX;Latin America & Caribbean;182.243;966.475149;;;
2015;Aranzazu;Mexico;MEX;Latin America & Caribbean;517.4361468;1105.947939;;;
2018;Aranzazu;Mexico;MEX;Latin America & Caribbean;587.6600315;1110.864865;;;
2019;Aranzazu;Mexico;MEX;Latin America & Caribbean;729.6676232;1116.717466;;;
2015;Bismark;Mexico;MEX;Latin America & Caribbean;561.9841557;1666.518448;;;
2016;Bismark;Mexico;MEX;Latin America & Caribbean;534.589218;1674.244077;;;
2017;Bismark;Mexico;MEX;Latin America & Caribbean;525.6017493;1674.244077;;;
2018;Bismark;Mexico;MEX;Latin America & Caribbean;550.57188;1528.43749;;;
2019;Bismark;Mexico;MEX;Latin America & Caribbean;546.447;1781.941;;;
2015;Boleo;Mexico;MEX;Latin America & Caribbean;513.9713034;1086.575805;;;
2016;Boleo;Mexico;MEX;Latin America & Caribbean;610.3992461;1098.150843;;;
2017;Boleo;Mexico;MEX;Latin America & Caribbean;647.3515836;1096.511838;;;
2018;Boleo;Mexico;MEX;Latin America & Caribbean;735.9766668;1103.498486;;;
2019;Boleo;Mexico;MEX;Latin America & Caribbean;1152.612384;1775.094214;;;
2015;Bolivar;Mexico;MEX;Latin America & Caribbean;957.3204618;2055.206917;;;
2016;Bolivar;Mexico;MEX;Latin America & Caribbean;948.074988;2049.907455;;;
2017;Bolivar;Mexico;MEX;Latin America & Caribbean;917.119313;2047.153244;;;
2018;Bolivar;Mexico;MEX;Latin America & Caribbean;948.074988;2049.907455;;;
2019;Bolivar;Mexico;MEX;Latin America & Caribbean;1118.993359;2650.028535;;;
2015;Buenavista;Mexico;MEX;Latin America & Caribbean;25484.41608;119617.4985;;;
2016;Buenavista;Mexico;MEX;Latin America & Caribbean;40567.33212;232009.5808;;;
2017;Buenavista;Mexico;MEX;Latin America & Caribbean;38958.60487;232567.9139;;;
2018;Buenavista;Mexico;MEX;Latin America & Caribbean;39121.82555;232567.9139;;;
2019;Buenavista;Mexico;MEX;Latin America & Caribbean;40044.27881;232009.5808;;;
2015;Charcas;Mexico;MEX;Latin America & Caribbean;625.8981413;1680.573793;;;
2016;Charcas;Mexico;MEX;Latin America & Caribbean;646.8922517;1707.42649;;;
2017;Charcas;Mexico;MEX;Latin America & Caribbean;643.3293394;1707.42649;;;
2018;Charcas;Mexico;MEX;Latin America & Caribbean;644.1290743;1707.42649;;;
2019;Charcas;Mexico;MEX;Latin America & Caribbean;644.1290743;1707.42649;;;
2015;Cozamin;Mexico;MEX;Latin America & Caribbean;836.629977;1472.22106;;;
2016;Cozamin;Mexico;MEX;Latin America & Caribbean;922.0212301;1954.253271;;;
2017;Cozamin;Mexico;MEX;Latin America & Caribbean;836.7439735;1472.22106;;;
2018;Cozamin;Mexico;MEX;Latin America & Caribbean;799.552;1471.932744;;;
2019;Cozamin;Mexico;MEX;Latin America & Caribbean;877.316;1721.167974;;;
2015;El Baztan;Mexico;MEX;Latin America & Caribbean;584.084462;1291.756597;;;
2015;Francisco I Madero;Mexico;MEX;Latin America & Caribbean;1534.766835;2704.471392;;;
2016;Francisco I Madero;Mexico;MEX;Latin America & Caribbean;1672.82772;6705.096646;;;
2017;Francisco I Madero;Mexico;MEX;Latin America & Caribbean;2144.730604;7013.667845;;;
2018;Francisco I Madero;Mexico;MEX;Latin America & Caribbean;1786.746548;745.02176;;;
2019;Francisco I Madero;Mexico;MEX;Latin America & Caribbean;1572.308282;171.927;;;
2015;La Caridad;Mexico;MEX;Latin America & Caribbean;14247.70761;45552.22049;;;
2016;La Caridad;Mexico;MEX;Latin America & Caribbean;15257.61041;47482.18981;;;
2017;La Caridad;Mexico;MEX;Latin America & Caribbean;15303.00001;48002.3499;;;
2018;La Caridad;Mexico;MEX;Latin America & Caribbean;15139.65326;47358.55972;;;
2019;La Caridad;Mexico;MEX;Latin America & Caribbean;15257.61041;47482.18981;;;
2015;La Negra;Mexico;MEX;Latin America & Caribbean;620.326606;1780.713137;;;
2016;La Negra;Mexico;MEX;Latin America & Caribbean;622.178196;1780.713137;;;
2017;La Negra;Mexico;MEX;Latin America & Caribbean;622.178196;1780.713137;;;
2018;La Negra;Mexico;MEX;Latin America & Caribbean;622.178196;1780.713137;;;
2019;La Negra;Mexico;MEX;Latin America & Caribbean;620.326606;1780.713137;;;
2015;Maria;Mexico;MEX;Latin America & Caribbean;1187.49361;1770.194065;;;
2016;Maria;Mexico;MEX;Latin America & Caribbean;656.2338068;1238.732524;;;
2017;Maria;Mexico;MEX;Latin America & Caribbean;594.7455343;1229.484502;;;
2018;Maria;Mexico;MEX;Latin America & Caribbean;623.2101555;1227.414806;;;
2019;Maria;Mexico;MEX;Latin America & Caribbean;594.3011697;1229.484502;;;
2015;Milpillas;Mexico;MEX;Latin America & Caribbean;1343.256113;2764.211534;;;
2016;Milpillas;Mexico;MEX;Latin America & Caribbean;1293.456844;2650.570237;;;
2017;Milpillas;Mexico;MEX;Latin America & Caribbean;1071.376582;2503.425799;;;
2018;Milpillas;Mexico;MEX;Latin America & Caribbean;274.762;22776.825;;;
2019;Milpillas;Mexico;MEX;Latin America & Caribbean;191.847;23698.509;;;
2015;Piedras Verdes;Mexico;MEX;Latin America & Caribbean;11419.25505;33876.79209;;;
2016;Piedras Verdes;Mexico;MEX;Latin America & Caribbean;11291.67441;34098.59918;;;
2017;Piedras Verdes;Mexico;MEX;Latin America & Caribbean;10855.00624;34072.82377;;;
2018;Piedras Verdes;Mexico;MEX;Latin America & Caribbean;10322.72861;30368.87788;;;
2019;Piedras Verdes;Mexico;MEX;Latin America & Caribbean;10322.72861;30368.87788;;;
2016;San Francisco del Oro;Mexico;MEX;Latin America & Caribbean;985.8293807;1505.727715;;;
2017;San Francisco del Oro;Mexico;MEX;Latin America & Caribbean;893.871785;1385.822035;;;
2018;San Francisco del Oro;Mexico;MEX;Latin America & Caribbean;736.6949776;1362.231551;;;
2019;San Francisco del Oro;Mexico;MEX;Latin America & Caribbean;735.737352;1362.231551;;;
2015;Santa Barbara;Mexico;MEX;Latin America & Caribbean;912.8467014;1769.771964;;;
2016;Santa Barbara;Mexico;MEX;Latin America & Caribbean;1202.866439;2627.426633;;;
2017;Santa Barbara;Mexico;MEX;Latin America & Caribbean;905.0952287;1769.771964;;;
2018;Santa Barbara;Mexico;MEX;Latin America & Caribbean;1040.867549;2478.576713;;;
2019;Santa Barbara;Mexico;MEX;Latin America & Caribbean;1512.229211;3491.611548;;;
2019;Tayahua;Mexico;MEX;Latin America & Caribbean;1760.377919;8250.856115;;;
2019;Zimapan/El Monte;Mexico;MEX;Latin America & Caribbean;423.9975829;1595.806402;;;
2019;Cobre Panama;Panama;PAN;Latin America & Caribbean;121848;297190;;;
2015;Alpamarca;Peru;PER;Latin America & Caribbean;3078.99045;7674.935693;;;
2016;Alpamarca;Peru;PER;Latin America & Caribbean;3474.046555;7615.174352;;;
2017;Alpamarca;Peru;PER;Latin America & Caribbean;3437.502884;7615.174352;;;
2018;Alpamarca;Peru;PER;Latin America & Caribbean;2140;7075.348413;;;
2019;Alpamarca;Peru;PER;Latin America & Caribbean;2140;7075.348413;;;
2015;Antamina;Peru;PER;Latin America & Caribbean;25192;156558.9488;;;
2016;Antamina;Peru;PER;Latin America & Caribbean;19464;98758.17356;;;
2017;Antamina;Peru;PER;Latin America & Caribbean;23107;126733.3243;;;
2018;Antamina;Peru;PER;Latin America & Caribbean;28371.11229;202582.1064;;;
2019;Antamina;Peru;PER;Latin America & Caribbean;28487.15407;202759.2423;;;
2015;Antapaccay;Peru;PER;Latin America & Caribbean;29638.5554;206497.2478;;;
2016;Antapaccay;Peru;PER;Latin America & Caribbean;35150.81716;353286.8484;;;
2017;Antapaccay;Peru;PER;Latin America & Caribbean;30015.28996;206102.9288;;;
2018;Antapaccay;Peru;PER;Latin America & Caribbean;30047.79579;206102.9288;;;
2019;Antapaccay;Peru;PER;Latin America & Caribbean;29060.26343;206306.1353;;;
2015;Atacocha;Peru;PER;Latin America & Caribbean;2481.049639;7051.918667;;;
2016;Atacocha;Peru;PER;Latin America & Caribbean;3942.539986;7529.937586;;;
2017;Atacocha;Peru;PER;Latin America & Caribbean;3386.909993;7806.469099;;;
2018;Atacocha;Peru;PER;Latin America & Caribbean;3527.532493;7694.346461;;;
2019;Atacocha;Peru;PER;Latin America & Caribbean;3173.033234;7773.04121;;;
2015;Austria Duvaz;Peru;PER;Latin America & Caribbean;5114.354917;14226.83504;;;
2016;Austria Duvaz;Peru;PER;Latin America & Caribbean;5114.354917;14226.83504;;;
2017;Austria Duvaz;Peru;PER;Latin America & Caribbean;5114.354917;14226.83504;;;
2018;Austria Duvaz;Peru;PER;Latin America & Caribbean;5114.354917;14226.83504;;;
2019;Austria Duvaz;Peru;PER;Latin America & Caribbean;5114.354917;14226.83504;;;
2015;Cerro Corona;Peru;PER;Latin America & Caribbean;3464.468867;14551.15056;;;
2016;Cerro Corona;Peru;PER;Latin America & Caribbean;3962.866424;14680.60967;;;
2017;Cerro Corona;Peru;PER;Latin America & Caribbean;3725.048862;14547.15677;;;
2018;Cerro Corona;Peru;PER;Latin America & Caribbean;4223.555366;14680.60967;;;
2019;Cerro Corona;Peru;PER;Latin America & Caribbean;4202.729781;14680.60967;;;
2015;Cerro Verde;Peru;PER;Latin America & Caribbean;28095.55674;153598.4496;;;
2016;Cerro Verde;Peru;PER;Latin America & Caribbean;21116.23898;56322.27512;;;
2017;Cerro Verde;Peru;PER;Latin America & Caribbean;21071.30069;56321.45413;;;
2018;Cerro Verde;Peru;PER;Latin America & Caribbean;62074.0128;214121.153;;;
2019;Cerro Verde;Peru;PER;Latin America & Caribbean;53698.8224;213669.4428;;;
2015;Chungar;Peru;PER;Latin America & Caribbean;4080.142215;7499.33442;;;
2016;Chungar;Peru;PER;Latin America & Caribbean;4262.622007;7486.72954;;;
2017;Chungar;Peru;PER;Latin America & Caribbean;4647.00211;7514.868634;;;
2018;Chungar;Peru;PER;Latin America & Caribbean;4297.480372;7499.22579;;;
2019;Chungar;Peru;PER;Latin America & Caribbean;4282.777015;7499.22579;;;
2015;Cobriza;Peru;PER;Latin America & Caribbean;1613.485497;7934.777104;;;
2016;Cobriza;Peru;PER;Latin America & Caribbean;1655.893678;7967.788705;;;
2017;Cobriza;Peru;PER;Latin America & Caribbean;1421.809493;2869.406233;;;
2018;Cobriza;Peru;PER;Latin America & Caribbean;1352.856394;2848.036231;;;
2019;Cobriza;Peru;PER;Latin America & Caribbean;1017.683674;2264.370093;;;
2015;Constancia;Peru;PER;Latin America & Caribbean;17184.70015;42401.93844;;;
2016;Constancia;Peru;PER;Latin America & Caribbean;20804.19169;61713.9551;;;
2017;Constancia;Peru;PER;Latin America & Caribbean;17897.05508;42325.50503;;;
2018;Constancia;Peru;PER;Latin America & Caribbean;17889.04906;42325.50503;;;
2019;Constancia;Peru;PER;Latin America & Caribbean;17800.01185;42325.50503;;;
2015;Contonga;Peru;PER;Latin America & Caribbean;5155.240498;6136.173309;;;
2016;Contonga;Peru;PER;Latin America & Caribbean;5096.63363;6111.944537;;;
2017;Contonga;Peru;PER;Latin America & Caribbean;5159.923009;6136.173309;;;
2018;Contonga;Peru;PER;Latin America & Caribbean;5159.923009;6136.173309;;;
2019;Contonga;Peru;PER;Latin America & Caribbean;5159.923009;6136.173309;;;
2015;Cuajone;Peru;PER;Latin America & Caribbean;26966.15694;147635.2823;;;
2016;Cuajone;Peru;PER;Latin America & Caribbean;26459.32377;145184.2071;;;
2017;Cuajone;Peru;PER;Latin America & Caribbean;20446.35636;59726.75482;;;
2018;Cuajone;Peru;PER;Latin America & Caribbean;21057.79776;60024.04921;;;
2019;Cuajone;Peru;PER;Latin America & Caribbean;19956.36835;52952.07085;;;
2015;El Brocal;Peru;PER;Latin America & Caribbean;2637.509433;8294.351378;;;
2016;El Brocal;Peru;PER;Latin America & Caribbean;3908.920147;9657.433246;;;
2017;El Brocal;Peru;PER;Latin America & Caribbean;3499.974587;8648.404069;;;
2018;El Brocal;Peru;PER;Latin America & Caribbean;3522.882267;8648.404069;;;
2019;El Brocal;Peru;PER;Latin America & Caribbean;3288.022357;8818.718778;;;
2015;El Porvenir;Peru;PER;Latin America & Caribbean;4676.211742;7496.358496;;;
2016;El Porvenir;Peru;PER;Latin America & Caribbean;3992.75146;7499.33442;;;
2017;El Porvenir;Peru;PER;Latin America & Caribbean;3736.467265;7505.349746;;;
2018;El Porvenir;Peru;PER;Latin America & Caribbean;3913.601391;7494.340697;;;
2019;El Porvenir;Peru;PER;Latin America & Caribbean;3696.667148;7507.76596;;;
2015;Huaron;Peru;PER;Latin America & Caribbean;3956.330757;7124.251661;;;
2016;Huaron;Peru;PER;Latin America & Caribbean;3476.908;7126.762624;;;
2017;Huaron;Peru;PER;Latin America & Caribbean;3723.214;7132.586253;;;
2018;Huaron;Peru;PER;Latin America & Caribbean;6307.2;11077.81855;;;
2019;Huaron;Peru;PER;Latin America & Caribbean;5750.905;7149.160433;;;
2015;Julcani;Peru;PER;Latin America & Caribbean;1629.089235;6398.988838;;;
2016;Julcani;Peru;PER;Latin America & Caribbean;1651.105854;6411.046709;;;
2017;Julcani;Peru;PER;Latin America & Caribbean;1689.111295;6549.813837;;;
2018;Julcani;Peru;PER;Latin America & Caribbean;1686.608205;6549.813837;;;
2019;Julcani;Peru;PER;Latin America & Caribbean;1689.111295;6549.813837;;;
2015;Las Bambas;Peru;PER;Latin America & Caribbean;10041;50556.50801;;;
2016;Las Bambas;Peru;PER;Latin America & Caribbean;11464;54695.57008;;;
2017;Las Bambas;Peru;PER;Latin America & Caribbean;27093;199345.9567;;;
2018;Las Bambas;Peru;PER;Latin America & Caribbean;13571;89850.37782;;;
2019;Las Bambas;Peru;PER;Latin America & Caribbean;14963;101633.8707;;;
2015;Morococha;Peru;PER;Latin America & Caribbean;2381.135503;6779.685968;;;
2016;Morococha;Peru;PER;Latin America & Caribbean;2609.257;6829.024811;;;
2017;Morococha;Peru;PER;Latin America & Caribbean;2843.709;7103.173878;;;
2018;Morococha;Peru;PER;Latin America & Caribbean;10113.977;31655.42591;;;
2019;Morococha;Peru;PER;Latin America & Caribbean;14718.813;43513.87963;;;
2015;Raura;Peru;PER;Latin America & Caribbean;3004.03332;7459.36203;;;
2016;Raura;Peru;PER;Latin America & Caribbean;3146.805674;7652.854138;;;
2017;Raura;Peru;PER;Latin America & Caribbean;3146.805674;7652.854138;;;
2018;Raura;Peru;PER;Latin America & Caribbean;2685.888522;7068.472482;;;
2019;Raura;Peru;PER;Latin America & Caribbean;2685.888522;7068.472482;;;
2019;Tintaya;Peru;PER;Latin America & Caribbean;355.0085849;1163.267119;;;
2015;Toquepala;Peru;PER;Latin America & Caribbean;16435.43902;45298.197;;;
2016;Toquepala;Peru;PER;Latin America & Caribbean;15746.53839;46250.00694;;;
2017;Toquepala;Peru;PER;Latin America & Caribbean;21499.0097;57933.44276;;;
2018;Toquepala;Peru;PER;Latin America & Caribbean;29279.43152;155889.6098;;;
2019;Toquepala;Peru;PER;Latin America & Caribbean;45702.38623;212595.7502;;;
2015;Toromocho;Peru;PER;Latin America & Caribbean;26560.06036;143346.8128;;;
2016;Toromocho;Peru;PER;Latin America & Caribbean;27361.69271;151874.3744;;;
2017;Toromocho;Peru;PER;Latin America & Caribbean;27116.85072;151953.3234;;;
2018;Toromocho;Peru;PER;Latin America & Caribbean;27855.34328;153213.1432;;;
2019;Toromocho;Peru;PER;Latin America & Caribbean;25136.31543;119893.7156;;;
2015;Yauli;Peru;PER;Latin America & Caribbean;1916.08192;6788.208464;;;
2016;Yauli;Peru;PER;Latin America & Caribbean;2145.524823;7075.348413;;;
2017;Yauli;Peru;PER;Latin America & Caribbean;2120.50337;7075.348413;;;
2018;Yauli;Peru;PER;Latin America & Caribbean;2009.935533;6995.499043;;;
2019;Yauli;Peru;PER;Latin America & Caribbean;1982.989248;6884.063078;;;
2015;Sarcheshmeh;Iran;IRN;South and West Asia;29385.82317;157392.2249;;;
2016;Sarcheshmeh;Iran;IRN;South and West Asia;31175.54604;157781.4632;;;
2017;Sarcheshmeh;Iran;IRN;South and West Asia;29719.4054;158092.5059;;;
2018;Sarcheshmeh;Iran;IRN;South and West Asia;30052.71336;157411.6021;;;
2019;Sarcheshmeh;Iran;IRN;South and West Asia;29359.10892;157392.2249;;;
2015;Jabal Sayid;Saudi Arabia;SAU;South and West Asia;220.3058;1063.422195;;;
2016;Jabal Sayid;Saudi Arabia;SAU;South and West Asia;1312.572089;1985.70874;;;
2017;Jabal Sayid;Saudi Arabia;SAU;South and West Asia;1704.907037;7747.198439;;;
2018;Jabal Sayid;Saudi Arabia;SAU;South and West Asia;1040.742;1660.746232;;;
2019;Jabal Sayid;Saudi Arabia;SAU;South and West Asia;5370.0472;9836.501757;;;
2019;Akasaba West;Canada;CAN;North America;3436.281548;14483.46212;;;
2015;Broken Hammer;Canada;CAN;North America;3072.344178;19057.12437;;;
2015;Copper Mountain;Canada;CAN;North America;6710.628691;13308.27838;;;
2016;Copper Mountain;Canada;CAN;North America;6780.875222;13345.1612;;;
2017;Copper Mountain;Canada;CAN;North America;6700.202432;13308.27838;;;
2018;Copper Mountain;Canada;CAN;North America;6681.420819;13308.30642;;;
2019;Copper Mountain;Canada;CAN;North America;6568.887863;14077.76773;;;
2015;Duck Pond;Canada;CAN;North America;3888.637141;8485.846488;;;
2015;Gibraltar;Canada;CAN;North America;11030.67649;34314.59022;;;
2016;Gibraltar;Canada;CAN;North America;12126.82732;40540.09789;;;
2017;Gibraltar;Canada;CAN;North America;11030.67649;34314.59022;;;
2018;Gibraltar;Canada;CAN;North America;12578.32908;45032.93356;;;
2019;Gibraltar;Canada;CAN;North America;12335.40039;44671.4428;;;
2015;Highland Valley;Canada;CAN;North America;32078.94858;123742.6159;;;
2016;Highland Valley;Canada;CAN;North America;19653.41656;56655.83567;;;
2017;Highland Valley;Canada;CAN;North America;18861.14071;52197.73687;;;
2018;Highland Valley;Canada;CAN;North America;19153.7254;54598.85853;;;
2019;Highland Valley;Canada;CAN;North America;19588.06597;56422.38097;;;
2015;Hudson Bay 777;Canada;CAN;North America;3259.85319;9372.426393;;;
2016;Hudson Bay 777;Canada;CAN;North America;3272.334385;9382.939094;;;
2017;Hudson Bay 777;Canada;CAN;North America;3074.651512;9372.426393;;;
2018;Hudson Bay 777;Canada;CAN;North America;2821.921263;9214.909605;;;
2019;Hudson Bay 777;Canada;CAN;North America;2502.815331;8734.204597;;;
2015;Kidd Creek;Canada;CAN;North America;3031.795189;8251.370404;;;
2016;Kidd Creek;Canada;CAN;North America;2847.644045;8264.159502;;;
2017;Kidd Creek;Canada;CAN;North America;3028.79354;8251.370404;;;
2018;Kidd Creek;Canada;CAN;North America;3018.334563;8251.370404;;;
2019;Kidd Creek;Canada;CAN;North America;3018.059405;8251.370404;;;
2015;Lac des Iles;Canada;CAN;North America;3695.590525;7623.087449;;;
2016;Lac des Iles;Canada;CAN;North America;3494.421494;7615.174352;;;
2017;Lac des Iles;Canada;CAN;North America;3992.426225;7629.84938;;;
2018;Lac des Iles;Canada;CAN;North America;3243.909467;7673.772377;;;
2019;Lac des Iles;Canada;CAN;North America;3036.44155;7643.470082;;;
2015;Lalor;Canada;CAN;North America;3993.946718;6942.550004;;;
2016;Lalor;Canada;CAN;North America;3922.411453;6963.228014;;;
2017;Lalor;Canada;CAN;North America;3700.571741;6579.848326;;;
2018;Lalor;Canada;CAN;North America;3636.379746;6524.378254;;;
2019;Lalor;Canada;CAN;North America;3806.967887;6857.75623;;;
2015;Langlois;Canada;CAN;North America;3916.603411;6520.504543;;;
2016;Langlois;Canada;CAN;North America;3916.603411;6520.504543;;;
2017;Langlois;Canada;CAN;North America;3916.603411;6520.504543;;;
2018;Langlois;Canada;CAN;North America;3756.500325;6332.472201;;;
2019;Langlois;Canada;CAN;North America;3204.429682;6079.979263;;;
2015;Lockerby;Canada;CAN;North America;3808.651724;10568.83738;;;
2015;Manitoba Division;Canada;CAN;North America;3309.931725;8768.148534;;;
2016;Manitoba Division;Canada;CAN;North America;3639.929694;8649.040945;;;
2017;Manitoba Division;Canada;CAN;North America;3519.199261;8648.404069;;;
2018;Manitoba Division;Canada;CAN;North America;3309.931725;8768.148534;;;
2019;Manitoba Division;Canada;CAN;North America;3519.199261;8648.404069;;;
2015;Matagami;Canada;CAN;North America;3592.420589;11353.78265;;;
2016;Matagami;Canada;CAN;North America;3539.048985;11343.53169;;;
2017;Matagami;Canada;CAN;North America;4219.015383;11182.09138;;;
2018;Matagami;Canada;CAN;North America;4511.902996;9423.938692;;;
2019;Matagami;Canada;CAN;North America;4556.711871;6569.424096;;;
2015;Ming;Canada;CAN;North America;4143.147964;9177.481088;;;
2016;Ming;Canada;CAN;North America;4153.967913;9177.481088;;;
2017;Ming;Canada;CAN;North America;4157.65467;9177.481088;;;
2018;Ming;Canada;CAN;North America;4159.164962;9177.481088;;;
2019;Ming;Canada;CAN;North America;4304.626109;9621.881695;;;
2015;Minto;Canada;CAN;North America;3497.741145;8630.028068;;;
2016;Minto;Canada;CAN;North America;3061.817429;8801.817027;;;
2017;Minto;Canada;CAN;North America;3699.284589;8630.663591;;;
2018;Minto;Canada;CAN;North America;3879.881698;8482.008992;;;
2019;Minto;Canada;CAN;North America;4124.606306;8471.112812;;;
2015;Mount Milligan;Canada;CAN;North America;7007.319121;29030.51651;;;
2016;Mount Milligan;Canada;CAN;North America;6256;46730;;;
2017;Mount Milligan;Canada;CAN;North America;5080;41570;;;
2018;Mount Milligan;Canada;CAN;North America;7420;30540;;;
2019;Mount Milligan;Canada;CAN;North America;7590;30360;;;
2015;Mount Polley;Canada;CAN;North America;4777.347118;7447.82166;;;
2016;Mount Polley;Canada;CAN;North America;2675.694959;6953.262115;;;
2017;Mount Polley;Canada;CAN;North America;2835.310413;7275.678799;;;
2018;Mount Polley;Canada;CAN;North America;3356.013919;7548.886398;;;
2019;Mount Polley;Canada;CAN;North America;4869.699935;7470.199154;;;
2015;Myra Falls;Canada;CAN;North America;2873.222594;10759.00537;;;
2018;Myra Falls;Canada;CAN;North America;2692.938716;10125.64274;;;
2019;Myra Falls;Canada;CAN;North America;3369.331878;10942.45103;;;
2015;New Afton;Canada;CAN;North America;3059.473503;10250.67025;;;
2016;New Afton;Canada;CAN;North America;2905.95;14895.257;;;
2017;New Afton;Canada;CAN;North America;3332.034304;7392.752086;;;
2018;New Afton;Canada;CAN;North America;3104.26;16118.558;;;
2019;New Afton;Canada;CAN;North America;2518.452;14118.452;;;
2015;Ontario Division;Canada;CAN;North America;13070.17647;59771.41625;;;
2016;Ontario Division;Canada;CAN;North America;13289.43244;71863.76147;;;
2017;Ontario Division;Canada;CAN;North America;13039.17741;59771.41625;;;
2018;Ontario Division;Canada;CAN;North America;13321.77117;73645.60633;;;
2019;Ontario Division;Canada;CAN;North America;12923.31876;59771.41625;;;
2015;Raglan;Canada;CAN;North America;3212.589662;6807.350579;;;
2016;Raglan;Canada;CAN;North America;3461.255701;6536.443036;;;
2017;Raglan;Canada;CAN;North America;3474.758291;6541.952204;;;
2018;Raglan;Canada;CAN;North America;3474.758291;6541.952204;;;
2019;Raglan;Canada;CAN;North America;3518.849689;6529.71373;;;
2015;Red Chris;Canada;CAN;North America;3604.918398;14483.46212;;;
2016;Red Chris;Canada;CAN;North America;5005.554216;14446.05557;;;
2017;Red Chris;Canada;CAN;North America;4857.003217;14586.32029;;;
2018;Red Chris;Canada;CAN;North America;4065.304481;14610.40054;;;
2019;Red Chris;Canada;CAN;North America;4913.742337;14586.32029;;;
2015;Sudbury Operations;Canada;CAN;North America;7121.783527;36212.6205;;;
2016;Sudbury Operations;Canada;CAN;North America;6992.6245;29242.62132;;;
2017;Sudbury Operations;Canada;CAN;North America;7233.902509;36323.02516;;;
2018;Sudbury Operations;Canada;CAN;North America;6818.814827;13883.3308;;;
2019;Sudbury Operations;Canada;CAN;North America;7157.635699;36212.6205;;;
2015;Morrison (Sudbury Operations);Canada;CAN;North America;3362.196774;8347.453684;;;
2016;Morrison (Sudbury Operations);Canada;CAN;North America;3209.271326;8373.437779;;;
2017;Morrison (Sudbury Operations);Canada;CAN;North America;4322.627044;7994.123588;;;
2018;Morrison (Sudbury Operations);Canada;CAN;North America;4400.21715;8017.976119;;;
2019;Morrison (Sudbury Operations);Canada;CAN;North America;4589.503803;8017.976119;;;
2015;Bagdad;USA;USA;North America;16631.98157;41415.06004;;;
2016;Bagdad;USA;USA;North America;15722.88491;41469.42925;;;
2017;Bagdad;USA;USA;North America;15868.0471;41106.28838;;;
2018;Bagdad;USA;USA;North America;16863.80597;41494.52509;;;
2019;Bagdad;USA;USA;North America;15040.63224;43691.91212;;;
2015;Chino;USA;USA;North America;17116.01831;49707.10362;;;
2016;Chino;USA;USA;North America;16514.43459;48862.97007;;;
2017;Chino;USA;USA;North America;8991.532251;31341.2465;;;
2018;Chino;USA;USA;North America;9569.165273;30734.50571;;;
2019;Chino;USA;USA;North America;9543.432304;30734.50571;;;
2015;Doe Run Mines;USA;USA;North America;2312.572122;6937.484071;;;
2016;Doe Run Mines;USA;USA;North America;2314.987453;6937.484071;;;
2017;Doe Run Mines;USA;USA;North America;2335.143454;6937.484071;;;
2018;Doe Run Mines;USA;USA;North America;2335.143454;6937.484071;;;
2019;Doe Run Mines;USA;USA;North America;2335.143454;6937.484071;;;
2015;Eagle;USA;USA;North America;2544.277997;8216.526453;;;
2016;Eagle;USA;USA;North America;2387.77981;8206.696979;;;
2017;Eagle;USA;USA;North America;2308.096474;8137.830089;;;
2018;Eagle;USA;USA;North America;1490;2377.176402;;;
2019;Eagle;USA;USA;North America;1340;2085.911944;;;
2019;Liberty;USA;USA;North America;447.1519883;675.3426969;;;
2015;Lisbon Valley;USA;USA;North America;2002.648145;6758.666126;;;
2016;Lisbon Valley;USA;USA;North America;2002.648145;6758.666126;;;
2017;Lisbon Valley;USA;USA;North America;2002.761245;6758.666126;;;
2018;Lisbon Valley;USA;USA;North America;2002.761245;6758.666126;;;
2019;Lisbon Valley;USA;USA;North America;2002.761245;6758.666126;;;
2015;Mission;USA;USA;North America;16375.81041;47006.879;;;
2016;Mission;USA;USA;North America;16369.3209;47001.56022;;;
2017;Mission;USA;USA;North America;18788.59731;48487.23404;;;
2018;Mission;USA;USA;North America;16195.76869;46896.38205;;;
2019;Mission;USA;USA;North America;18549.06415;48494.6714;;;
2015;Phoenix SX-EW;USA;USA;North America;3381.341109;16666.19445;;;
2016;Phoenix SX-EW;USA;USA;North America;3391.500854;16666.19445;;;
2017;Phoenix SX-EW;USA;USA;North America;2453.207962;14590.49463;;;
2018;Phoenix SX-EW;USA;USA;North America;2583.483935;14631.51906;;;
2019;Phoenix SX-EW;USA;USA;North America;4923.190955;16738.5174;;;
2015;Robinson;USA;USA;North America;12322.40031;43746.57036;;;
2016;Robinson;USA;USA;North America;11837.19235;36452.36319;;;
2017;Robinson;USA;USA;North America;10719.78548;34251.02555;;;
2018;Robinson;USA;USA;North America;10388.69513;30599.48811;;;
2019;Robinson;USA;USA;North America;10719.78548;34251.02555;;;
2015;Sierrita;USA;USA;North America;12199.40816;39881.69581;;;
2016;Sierrita;USA;USA;North America;8710.807407;29161.79487;;;
2017;Sierrita;USA;USA;North America;8691.426869;29161.79487;;;
2018;Sierrita;USA;USA;North America;8705.314588;29161.79487;;;
2019;Sierrita;USA;USA;North America;8691.426869;29161.79487;;;
2015;Silver Bell;USA;USA;North America;2187.577159;14484.69936;;;
2016;Silver Bell;USA;USA;North America;2168.658164;14484.69936;;;
2017;Silver Bell;USA;USA;North America;2113.449713;14484.69936;;;
2018;Silver Bell;USA;USA;North America;2168.658164;14484.69936;;;
2019;Silver Bell;USA;USA;North America;2180.222317;14484.69936;;;
2015;Tyrone;USA;USA;North America;11723.31576;33149.4151;;;
2016;Tyrone;USA;USA;North America;11474.22909;33149.4151;;;
2017;Tyrone;USA;USA;North America;8515.241451;29256.23221;;;
2018;Tyrone;USA;USA;North America;5481.642781;7579.9924;;;
2019;Tyrone;USA;USA;North America;3792.220136;7552.649639;;;
2015;Saindak;Pakistan;PAK;South and West Asia;1918.025837;12885.31856;;;
2016;Saindak;Pakistan;PAK;South and West Asia;1778.552515;12898.35703;;;
2017;Saindak;Pakistan;PAK;South and West Asia;2007.646601;13329.81073;;;
2018;Saindak;Pakistan;PAK;South and West Asia;1922.032976;13198.03755;;;
2019;Saindak;Pakistan;PAK;South and West Asia;1927.357593;13198.03755;;;
2015;Boseto;Botswana;BWA;Africa;439.6484639;1104.31932;;;
2015;Botswana;Botswana;BWA;Africa;312.2518045;1326.672855;;;
2016;Botswana;Botswana;BWA;Africa;312.2518045;1326.672855;;;
2017;Botswana;Botswana;BWA;Africa;312.2518045;1326.672855;;;
2018;Botswana;Botswana;BWA;Africa;312.2518045;1326.672855;;;
2019;Botswana;Botswana;BWA;Africa;312.2518045;1326.672855;;;
2015;Phoenix;Botswana;BWA;Africa;1757.197418;6753.330946;;;
2016;Phoenix;Botswana;BWA;Africa;1191.043419;1954.720178;;;
2015;Selebi-Phikwe;Botswana;BWA;Africa;1495.584868;3913.201572;;;
2016;Selebi-Phikwe;Botswana;BWA;Africa;1495.584868;3913.201572;;;
2015;Boss;Dem. Rep. Congo;COD;Africa;3418.081265;18623.07396;;;
2016;Boss;Dem. Rep. Congo;COD;Africa;3418.081265;18623.07396;;;
2017;Boss;Dem. Rep. Congo;COD;Africa;3757.913861;18586.52635;;;
2018;Boss;Dem. Rep. Congo;COD;Africa;3757.913861;18586.52635;;;
2019;Boss;Dem. Rep. Congo;COD;Africa;3757.913861;18586.52635;;;
2015;Dikulushi;Dem. Rep. Congo;COD;Africa;341.5472885;964.5138548;;;
2015;Etoile;Dem. Rep. Congo;COD;Africa;715.163622;1000.353376;;;
2016;Etoile;Dem. Rep. Congo;COD;Africa;863.9767309;1000.651911;;;
2017;Etoile;Dem. Rep. Congo;COD;Africa;1214.172691;1598.480565;;;
2018;Etoile;Dem. Rep. Congo;COD;Africa;1252.24636;1598.480565;;;
2019;Etoile;Dem. Rep. Congo;COD;Africa;1298.715779;1640.941665;;;
2015;Frontier;Dem. Rep. Congo;COD;Africa;5932.599845;15032.13344;;;
2016;Frontier;Dem. Rep. Congo;COD;Africa;6245.990708;22552.65151;;;
2017;Frontier;Dem. Rep. Congo;COD;Africa;6164.458229;17479.72107;;;
2018;Frontier;Dem. Rep. Congo;COD;Africa;6179.446672;17422.68823;;;
2019;Frontier;Dem. Rep. Congo;COD;Africa;5413.582631;14719.86279;;;
2015;Huachin;Dem. Rep. Congo;COD;Africa;483.0619138;966.475149;;;
2016;Huachin;Dem. Rep. Congo;COD;Africa;480.9854844;966.475149;;;
2017;Huachin;Dem. Rep. Congo;COD;Africa;480.9854844;966.475149;;;
2018;Huachin;Dem. Rep. Congo;COD;Africa;473.0238441;966.475149;;;
2019;Huachin;Dem. Rep. Congo;COD;Africa;567.5871232;997.0112889;;;
2015;Kamoto;Dem. Rep. Congo;COD;Africa;5645.107769;9874.749859;;;
2017;Kamoto;Dem. Rep. Congo;COD;Africa;3245.436877;8801.817027;;;
2018;Kamoto;Dem. Rep. Congo;COD;Africa;11825.54547;46073.9517;;;
2019;Kamoto;Dem. Rep. Congo;COD;Africa;13155.54282;67319.80601;;;
2015;Kapulo;Dem. Rep. Congo;COD;Africa;516.5613379;994.1188858;;;
2016;Kapulo;Dem. Rep. Congo;COD;Africa;438.4557788;966.475149;;;
2017;Kapulo;Dem. Rep. Congo;COD;Africa;436.3281706;966.475149;;;
2018;Kapulo;Dem. Rep. Congo;COD;Africa;519.1653598;994.1188858;;;
2019;Kapulo;Dem. Rep. Congo;COD;Africa;526.5399844;996.7928801;;;
2015;Kinsevere;Dem. Rep. Congo;COD;Africa;5144.1;17557.44182;;;
2016;Kinsevere;Dem. Rep. Congo;COD;Africa;6246.02;24654.8035;;;
2017;Kinsevere;Dem. Rep. Congo;COD;Africa;4427.4;17902.44795;;;
2018;Kinsevere;Dem. Rep. Congo;COD;Africa;3780.16;17918.97906;;;
2019;Kinsevere;Dem. Rep. Congo;COD;Africa;4525.07;17902.44795;;;
2015;Kipoi;Dem. Rep. Congo;COD;Africa;1288.691795;1817.197476;;;
2016;Kipoi;Dem. Rep. Congo;COD;Africa;1323.150279;1837.030613;;;
2017;Kipoi;Dem. Rep. Congo;COD;Africa;1023.654271;1519.103291;;;
2018;Kipoi;Dem. Rep. Congo;COD;Africa;1134.690261;1769.243011;;;
2019;Kipoi;Dem. Rep. Congo;COD;Africa;632.1296336;1102.422271;;;
2017;Kolwezi Copper Mine;Dem. Rep. Congo;COD;Africa;1377.591558;1821.998793;;;
2018;Kolwezi Copper Mine;Dem. Rep. Congo;COD;Africa;4064.994385;17925.70994;;;
2019;Kolwezi Copper Mine;Dem. Rep. Congo;COD;Africa;9528.992739;44992.57361;;;
2015;Mabende;Dem. Rep. Congo;COD;Africa;661.0186773;996.3645197;;;
2016;Mabende;Dem. Rep. Congo;COD;Africa;1080.587553;1557.976185;;;
2017;Mabende;Dem. Rep. Congo;COD;Africa;1141.286404;1596.825412;;;
2018;Mabende;Dem. Rep. Congo;COD;Africa;1449.493532;2087.488637;;;
2019;Mabende;Dem. Rep. Congo;COD;Africa;1165.14698;1599.179284;;;
2019;Metalkol RTR;Dem. Rep. Congo;COD;Africa;5652.950214;18255.8093;;;
2018;Miniere Musoshi Kinsenda;Dem. Rep. Congo;COD;Africa;933.889075;1265.244082;;;
2019;Miniere Musoshi Kinsenda;Dem. Rep. Congo;COD;Africa;930.3720695;1265.244082;;;
2015;Mutanda;Dem. Rep. Congo;COD;Africa;16494.66467;85177.2054;;;
2016;Mutanda;Dem. Rep. Congo;COD;Africa;16189.78202;85013.59888;;;
2017;Mutanda;Dem. Rep. Congo;COD;Africa;14875.15787;81347.96626;;;
2018;Mutanda;Dem. Rep. Congo;COD;Africa;14872.14727;81347.96626;;;
2019;Mutanda;Dem. Rep. Congo;COD;Africa;6252.288877;21890.81654;;;
2015;Ruashi;Dem. Rep. Congo;COD;Africa;1950.34624;15528.50654;;;
2016;Ruashi;Dem. Rep. Congo;COD;Africa;1714.175604;14989.30546;;;
2017;Ruashi;Dem. Rep. Congo;COD;Africa;1687.598581;14989.30546;;;
2018;Ruashi;Dem. Rep. Congo;COD;Africa;1293.175504;1640.941665;;;
2019;Ruashi;Dem. Rep. Congo;COD;Africa;1383.052945;1821.998793;;;
2015;Tenke Fungurume;Dem. Rep. Congo;COD;Africa;14076.43831;78801.45069;;;
2016;Tenke Fungurume;Dem. Rep. Congo;COD;Africa;14546.0146;78929.59643;;;
2017;Tenke Fungurume;Dem. Rep. Congo;COD;Africa;14548.27879;78929.59643;;;
2018;Tenke Fungurume;Dem. Rep. Congo;COD;Africa;11850.56396;45605.05284;;;
2019;Tenke Fungurume;Dem. Rep. Congo;COD;Africa;12897.84428;58357.38562;;;
2015;Bisha;Eritrea;ERI;Africa;4649.588982;7203.144346;;;
2016;Bisha;Eritrea;ERI;Africa;2258.900914;10708.80677;;;
2017;Bisha;Eritrea;ERI;Africa;1074.976128;1971.20874;;;
2018;Bisha;Eritrea;ERI;Africa;1442.564673;2355.478807;;;
2019;Bisha;Eritrea;ERI;Africa;1424.566172;2160.772777;;;
2015;Guelb Moghrein;Mauritania;MRT;Africa;4087.780598;14155.12895;;;
2016;Guelb Moghrein;Mauritania;MRT;Africa;2757.746196;12936.28416;;;
2017;Guelb Moghrein;Mauritania;MRT;Africa;2337.168244;12746.00588;;;
2018;Guelb Moghrein;Mauritania;MRT;Africa;2265.837771;12719.10339;;;
2019;Guelb Moghrein;Mauritania;MRT;Africa;2327;8619;;;
2015;Central Operations;Namibia;NAM;Africa;646.5263942;1372.239022;;;
2016;Central Operations;Namibia;NAM;Africa;705.3460561;1531.102765;;;
2017;Central Operations;Namibia;NAM;Africa;705.3460561;1531.102765;;;
2015;Tschudi;Namibia;NAM;Africa;534.4805201;1213.315782;;;
2016;Tschudi;Namibia;NAM;Africa;1427.021196;1997.201168;;;
2017;Tschudi;Namibia;NAM;Africa;1484.433469;2387.51585;;;
2018;Tschudi;Namibia;NAM;Africa;1474.285937;2387.51585;;;
2019;Tschudi;Namibia;NAM;Africa;1652.112715;14463.40083;;;
2015;Amandelbult Section;South Africa;ZAF;Africa;1464.571374;1932.92429;;;
2016;Amandelbult Section;South Africa;ZAF;Africa;1423.066205;1673.243064;;;
2017;Amandelbult Section;South Africa;ZAF;Africa;1230.75722;1520.013396;;;
2018;Amandelbult Section;South Africa;ZAF;Africa;1230.75722;1520.013396;;;
2019;Amandelbult Section;South Africa;ZAF;Africa;947.8124901;1156.659789;;;
2015;Bafokeng-Rasimone;South Africa;ZAF;Africa;1935.50329;6931.837677;;;
2015;Black Mountain;South Africa;ZAF;Africa;1210.148227;2628.638605;;;
2016;Black Mountain;South Africa;ZAF;Africa;1145.345996;2622.202781;;;
2017;Black Mountain;South Africa;ZAF;Africa;1153.751316;2628.054163;;;
2018;Black Mountain;South Africa;ZAF;Africa;1158.810017;2628.054163;;;
2019;Black Mountain;South Africa;ZAF;Africa;1448.766995;2976.280657;;;
2015;Eland;South Africa;ZAF;Africa;342.7157298;765.2749996;;;
2015;Kroondal;South Africa;ZAF;Africa;1133.372542;1148.472691;;;
2016;Kroondal;South Africa;ZAF;Africa;1096.636811;1143.084741;;;
2017;Kroondal;South Africa;ZAF;Africa;1096.636811;1143.084741;;;
2018;Kroondal;South Africa;ZAF;Africa;1096.636811;1143.084741;;;
2019;Kroondal;South Africa;ZAF;Africa;1096.636811;1143.084741;;;
2015;Marikana;South Africa;ZAF;Africa;2318.368161;7088.247616;;;
2016;Marikana;South Africa;ZAF;Africa;2137.627439;7060.299553;;;
2017;Marikana;South Africa;ZAF;Africa;2137.775928;7060.299553;;;
2018;Marikana;South Africa;ZAF;Africa;2128.050269;7060.299553;;;
2015;Mogalakwena;South Africa;ZAF;Africa;2215.928338;7075.725444;;;
2016;Mogalakwena;South Africa;ZAF;Africa;2223.293785;7075.725444;;;
2017;Mogalakwena;South Africa;ZAF;Africa;2227.367703;7075.725444;;;
2018;Mogalakwena;South Africa;ZAF;Africa;2856.994873;7405.547155;;;
2019;Mogalakwena;South Africa;ZAF;Africa;2340.676315;7103.356046;;;
2015;Nkomati;South Africa;ZAF;Africa;1957.83999;6978.233714;;;
2016;Nkomati;South Africa;ZAF;Africa;2045.306561;7022.243766;;;
2017;Nkomati;South Africa;ZAF;Africa;2347.625191;6984.474113;;;
2018;Nkomati;South Africa;ZAF;Africa;2358.727411;6984.474113;;;
2019;Nkomati;South Africa;ZAF;Africa;2423.173326;6983.94141;;;
2015;Pandora;South Africa;ZAF;Africa;336.0067628;765.2749996;;;
2016;Pandora;South Africa;ZAF;Africa;336.0143434;765.2749996;;;
2017;Pandora;South Africa;ZAF;Africa;336.0143434;765.2749996;;;
2018;Pandora;South Africa;ZAF;Africa;331.9345035;765.2749996;;;
2018;Pilanesberg;South Africa;ZAF;Africa;3000;4150;;;
2019;Pilanesberg;South Africa;ZAF;Africa;3050;4050;;;
2015;Platinum Mile;South Africa;ZAF;Africa;333.0642702;675.3426969;;;
2015;Rustenburg;South Africa;ZAF;Africa;1880.271009;6751.314943;;;
2016;Rustenburg;South Africa;ZAF;Africa;1658.584309;6498.002779;;;
2019;Rustenburg;South Africa;ZAF;Africa;1687.541525;6705.096646;;;
2015;Union Section;South Africa;ZAF;Africa;364.127924;966.5858542;;;
2016;Union Section;South Africa;ZAF;Africa;364.127924;966.5858542;;;
2017;Union Section;South Africa;ZAF;Africa;364.127924;966.5858542;;;
2018;Union Section;South Africa;ZAF;Africa;376.206958;966.5858542;;;
2019;Union Section;South Africa;ZAF;Africa;3400.76;8625.71;;;
2015;Western Limb Tailings;South Africa;ZAF;Africa;452.6560311;675.3426969;;;
2016;Western Limb Tailings;South Africa;ZAF;Africa;600.4474356;707.1211662;;;
2017;Western Limb Tailings;South Africa;ZAF;Africa;467.1989353;675.3426969;;;
2018;Western Limb Tailings;South Africa;ZAF;Africa;467.1989353;675.3426969;;;
2019;Western Limb Tailings;South Africa;ZAF;Africa;430.1848773;675.3426969;;;
2015;Bulyanhulu;Tanzania;TZA;Africa;960.902594;1950.592035;;;
2016;Bulyanhulu;Tanzania;TZA;Africa;958.7302786;1950.592035;;;
2017;Bulyanhulu;Tanzania;TZA;Africa;687.6184352;1710.187817;;;
2015;Buzwagi;Tanzania;TZA;Africa;2010.643061;14217.28395;;;
2016;Buzwagi;Tanzania;TZA;Africa;2180.048551;14440.12166;;;
2017;Buzwagi;Tanzania;TZA;Africa;2056.198089;14214.3742;;;
2015;Kansanshi;Zambia;ZMB;Africa;48068.76132;215541.2706;;;
2016;Kansanshi;Zambia;ZMB;Africa;50645.3122;212857.1303;;;
2017;Kansanshi;Zambia;ZMB;Africa;50791.54774;212857.1303;;;
2018;Kansanshi;Zambia;ZMB;Africa;50695.43905;212857.1303;;;
2019;Kansanshi;Zambia;ZMB;Africa;45681;207641;;;
2015;Lumwana;Zambia;ZMB;Africa;3725.505;24836.7;;;
2016;Lumwana;Zambia;ZMB;Africa;3677.935;28321.53013;;;
2017;Lumwana;Zambia;ZMB;Africa;4642.779694;16202.16754;;;
2018;Lumwana;Zambia;ZMB;Africa;11602;42117.97062;;;
2019;Lumwana;Zambia;ZMB;Africa;16091;61285.81812;;;
2015;Trident - Sentinel;Zambia;ZMB;Africa;5124.913366;14173.63592;;;
2016;Trident - Sentinel;Zambia;ZMB;Africa;13637.22463;43712.46243;;;
2017;Trident - Sentinel;Zambia;ZMB;Africa;35224.3192;231265.8703;;;
2018;Trident - Sentinel;Zambia;ZMB;Africa;51837.404;212397.553;;;
2019;Trident - Sentinel;Zambia;ZMB;Africa;66362;201097;;;
2015;Mimosa;Zimbabwe;ZWE;Africa;1494.779041;2864.936477;;;
2016;Mimosa;Zimbabwe;ZWE;Africa;1494.779041;2864.936477;;;
2017;Mimosa;Zimbabwe;ZWE;Africa;1494.779041;2864.936477;;;
2018;Mimosa;Zimbabwe;ZWE;Africa;1494.779041;2864.936477;;;
2019;Mimosa;Zimbabwe;ZWE;Africa;1494.779041;2864.936477;;;
2015;Unki;Zimbabwe;ZWE;Africa;1506;3420.858617;;;
2016;Unki;Zimbabwe;ZWE;Africa;1667;6804.427172;;;
2017;Unki;Zimbabwe;ZWE;Africa;1359;2649.819856;;;
2018;Unki;Zimbabwe;ZWE;Africa;1248;2486.866649;;;
2019;Unki;Zimbabwe;ZWE;Africa;1538;3677.2553;;;
2015;Boddington;Australia;AUS;Oceania;7689;27137.54015;;;
2016;Boddington;Australia;AUS;Oceania;16987.09517;63908;;;
2017;Boddington;Australia;AUS;Oceania;19954;58457;;;
2018;Boddington;Australia;AUS;Oceania;17827;55557;;;
2019;Boddington;Australia;AUS;Oceania;21787;69517;;;
2015;Ernest Henry;Australia;AUS;Oceania;4281.824244;6365.577094;;;
2016;Ernest Henry;Australia;AUS;Oceania;4285.466049;6365.577094;;;
2017;Ernest Henry;Australia;AUS;Oceania;4569.61816;6146.27892;;;
2018;Ernest Henry;Australia;AUS;Oceania;4590.837354;6082.790192;;;
2019;Ernest Henry;Australia;AUS;Oceania;4328.008813;6315.433024;;;
2015;Kanmantoo;Australia;AUS;Oceania;1290.70019;1810.798306;;;
2016;Kanmantoo;Australia;AUS;Oceania;1276.508137;1766.577434;;;
2017;Kanmantoo;Australia;AUS;Oceania;1256.912896;1766.650709;;;
2018;Kanmantoo;Australia;AUS;Oceania;2177.430432;12266.43672;;;
2019;Kanmantoo;Australia;AUS;Oceania;1224.65954;1766.650709;;;
2015;Leichhardt;Australia;AUS;Oceania;1127.112785;1767.536724;;;
2016;Leichhardt;Australia;AUS;Oceania;1127.112785;1767.536724;;;
2017;Leichhardt;Australia;AUS;Oceania;1127.112785;1767.536724;;;
2018;Leichhardt;Australia;AUS;Oceania;819.2323424;1252.61279;;;
2019;Leichhardt;Australia;AUS;Oceania;819.2323424;1252.61279;;;
2015;Mount Carlton;Australia;AUS;Oceania;570.9097536;1176.333863;;;
2016;Mount Carlton;Australia;AUS;Oceania;620.4446017;1176.083983;;;
2017;Mount Carlton;Australia;AUS;Oceania;679.0250224;1189.430184;;;
2018;Mount Carlton;Australia;AUS;Oceania;756.0923975;1205.160539;;;
2019;Mount Carlton;Australia;AUS;Oceania;557.4060079;1169.731732;;;
2019;Mt Colin;Australia;AUS;Oceania;1718.790245;7470.612473;;;
2017;Mt Garnet;Australia;AUS;Oceania;401.3585868;765.2749996;;;
2018;Mt Garnet;Australia;AUS;Oceania;444.8178108;765.2749996;;;
2019;Mt Garnet;Australia;AUS;Oceania;1206.756531;1152.009696;;;
2015;Mt Isa Copper;Australia;AUS;Oceania;14716.41289;82483.62322;;;
2016;Mt Isa Copper;Australia;AUS;Oceania;14699.65194;82483.62322;;;
2017;Mt Isa Copper;Australia;AUS;Oceania;13496.51911;74360.20703;;;
2018;Mt Isa Copper;Australia;AUS;Oceania;13173.34467;69961.46192;;;
2019;Mt Isa Copper;Australia;AUS;Oceania;13433.03655;74360.20703;;;
2017;Rocklands Group;Australia;AUS;Oceania;1681.701053;15193.76856;;;
2015;Tritton;Australia;AUS;Oceania;1606.489631;8059.370795;;;
2016;Tritton;Australia;AUS;Oceania;1607.618895;8059.370795;;;
2017;Tritton;Australia;AUS;Oceania;1570.924452;6199.458219;;;
2018;Tritton;Australia;AUS;Oceania;1532.128784;3355.753176;;;
2019;Tritton;Australia;AUS;Oceania;1533.21459;3355.753176;;;
2019;Woodlawn;Australia;AUS;Oceania;276.6353623;1104.31932;;;
2015;Anqing;China;CHN;East Asia;686.6368114;1725.022492;;;
2016;Anqing;China;CHN;East Asia;698.379788;1725.022492;;;
2017;Anqing;China;CHN;East Asia;698.379788;1725.022492;;;
2018;Anqing;China;CHN;East Asia;645.427426;1709.090591;;;
2019;Anqing;China;CHN;East Asia;623.6228143;1682.211723;;;
2015;Baiyin Changtong;China;CHN;East Asia;1296.9582;2034.162157;;;
2016;Baiyin Changtong;China;CHN;East Asia;324.4213464;1292.764464;;;
2017;Baiyin Changtong;China;CHN;East Asia;324.4213464;1292.764464;;;
2018;Baiyin Changtong;China;CHN;East Asia;319.1891081;1292.764464;;;
2019;Baiyin Changtong;China;CHN;East Asia;319.1891081;1292.764464;;;
2015;Baiyin Shenbu;China;CHN;East Asia;451.7440507;1140.920641;;;
2016;Baiyin Shenbu;China;CHN;East Asia;544.6060196;1183.164278;;;
2017;Baiyin Shenbu;China;CHN;East Asia;569.4543144;1184.407367;;;
2018;Baiyin Shenbu;China;CHN;East Asia;395.8672908;1140.920641;;;
2019;Baiyin Shenbu;China;CHN;East Asia;423.1194536;1140.920641;;;
2019;Bangpu;China;CHN;East Asia;1837.580961;12898.35703;;;
2019;Baogutu;China;CHN;East Asia;1185.212147;1751.63441;;;
2016;Bizhigou;China;CHN;East Asia;448.651816;1128.225187;;;
2017;Bizhigou;China;CHN;East Asia;430.3048523;1128.225187;;;
2018;Bizhigou;China;CHN;East Asia;428.2924283;1128.225187;;;
2019;Bizhigou;China;CHN;East Asia;430.3048523;1128.225187;;;
2017;Changhong;China;CHN;East Asia;2835.678068;18293.71551;;;
2018;Changhong;China;CHN;East Asia;2715.752029;17784.09526;;;
2019;Changhong;China;CHN;East Asia;2776.027781;17784.09526;;;
2015;Chimashan;China;CHN;East Asia;1601.272299;14347.29658;;;
2017;Chimashan;China;CHN;East Asia;1648.228989;14429.50163;;;
2018;Chimashan;China;CHN;East Asia;1667.812928;15162.55382;;;
2015;Daluowan;China;CHN;East Asia;385.3067058;1123.898142;;;
2016;Daluowan;China;CHN;East Asia;385.3067058;1123.898142;;;
2017;Daluowan;China;CHN;East Asia;385.3067058;1123.898142;;;
2018;Daluowan;China;CHN;East Asia;384.8815084;1123.898142;;;
2019;Daluowan;China;CHN;East Asia;387.161748;1123.898142;;;
2015;Deerni;China;CHN;East Asia;2804.641405;16702.77925;;;
2016;Deerni;China;CHN;East Asia;3219.11034;18621.72717;;;
2017;Deerni;China;CHN;East Asia;3618.923955;19361.04812;;;
2018;Deerni;China;CHN;East Asia;3225.047249;18621.72717;;;
2019;Deerni;China;CHN;East Asia;4624.910006;17835.01228;;;
2015;Dexing Complex;China;CHN;East Asia;25232.92787;125504.3076;;;
2016;Dexing Complex;China;CHN;East Asia;21874.61018;62782.03105;;;
2017;Dexing Complex;China;CHN;East Asia;24450.18641;100422.3367;;;
2018;Dexing Complex;China;CHN;East Asia;24756.23056;125051.2346;;;
2019;Dexing Complex;China;CHN;East Asia;24989.23003;125051.2346;;;
2015;Diaoquan;China;CHN;East Asia;2608.119965;16368.92902;;;
2016;Diaoquan;China;CHN;East Asia;2608.119965;16368.92902;;;
2017;Diaoquan;China;CHN;East Asia;2608.119965;16368.92902;;;
2018;Diaoquan;China;CHN;East Asia;2608.119965;16368.92902;;;
2019;Diaoquan;China;CHN;East Asia;2608.119965;16368.92902;;;
2015;Dongguashan;China;CHN;East Asia;2825.539022;11420.8546;;;
2016;Dongguashan;China;CHN;East Asia;2977.525446;11498.37839;;;
2017;Dongguashan;China;CHN;East Asia;2853.219157;11420.8546;;;
2018;Dongguashan;China;CHN;East Asia;2768.67278;10734.19288;;;
2019;Dongguashan;China;CHN;East Asia;2759.858563;10734.19288;;;
2015;Dongtong;China;CHN;East Asia;363.9798728;1128.982783;;;
2016;Dongtong;China;CHN;East Asia;370.6387256;1128.982783;;;
2017;Dongtong;China;CHN;East Asia;373.4540742;1128.982783;;;
2018;Dongtong;China;CHN;East Asia;364.4275083;1128.982783;;;
2019;Dongtong;China;CHN;East Asia;363.9015873;1128.982783;;;
2015;Erzhulong;China;CHN;East Asia;2891.264574;13216.94476;;;
2016;Erzhulong;China;CHN;East Asia;2964.552934;13727.27058;;;
2017;Erzhulong;China;CHN;East Asia;2988.719007;13727.27058;;;
2018;Erzhulong;China;CHN;East Asia;2879.890133;13216.94476;;;
2019;Erzhulong;China;CHN;East Asia;2616.763035;12875.56913;;;
2015;Fenghuangshan;China;CHN;East Asia;2311.669435;10392.06814;;;
2016;Fenghuangshan;China;CHN;East Asia;1982.145164;9787.953324;;;
2017;Fenghuangshan;China;CHN;East Asia;1698.702672;8374.724676;;;
2018;Fenghuangshan;China;CHN;East Asia;2475.655876;10465.66703;;;
2019;Fenghuangshan;China;CHN;East Asia;2470.013177;10465.66703;;;
2015;Fengjiashan;China;CHN;East Asia;861.5056374;1253.105245;;;
2016;Fengjiashan;China;CHN;East Asia;864.2759069;1253.105245;;;
2017;Fengjiashan;China;CHN;East Asia;861.5056374;1253.105245;;;
2018;Fengjiashan;China;CHN;East Asia;861.5056374;1253.105245;;;
2019;Fengjiashan;China;CHN;East Asia;873.2216068;1253.105245;;;
2015;Fengjiawan;China;CHN;East Asia;1596.828768;11800.33213;;;
2016;Fengjiawan;China;CHN;East Asia;1596.828768;11800.33213;;;
2017;Fengjiawan;China;CHN;East Asia;1596.828768;11800.33213;;;
2018;Fengjiawan;China;CHN;East Asia;1596.828768;11800.33213;;;
2019;Fengjiawan;China;CHN;East Asia;1596.828768;11800.33213;;;
2015;Fengshan;China;CHN;East Asia;600.1548346;1182.930824;;;
2016;Fengshan;China;CHN;East Asia;580.7819765;1181.190408;;;
2017;Fengshan;China;CHN;East Asia;582.0064037;1181.190408;;;
2018;Fengshan;China;CHN;East Asia;582.0064037;1181.190408;;;
2019;Fengshan;China;CHN;East Asia;485.4258899;1128.982783;;;
2015;Hongwei;China;CHN;East Asia;1687.49425;13700.13523;;;
2016;Hongwei;China;CHN;East Asia;1636.067868;13142.59087;;;
2017;Hongwei;China;CHN;East Asia;1655.732482;13142.59087;;;
2018;Hongwei;China;CHN;East Asia;1687.422642;13700.13523;;;
2019;Hongwei;China;CHN;East Asia;1688.759559;13700.13523;;;
2015;Hunchun;China;CHN;East Asia;2199.788182;6847.289912;;;
2016;Hunchun;China;CHN;East Asia;2199.788182;6847.289912;;;
2017;Hunchun;China;CHN;East Asia;2199.788182;6847.289912;;;
2018;Hunchun;China;CHN;East Asia;1722.479732;6646.946096;;;
2019;Hunchun;China;CHN;East Asia;1705.936194;6615.736678;;;
2015;Jiama;China;CHN;East Asia;1885.487228;5419.083914;;;
2016;Jiama;China;CHN;East Asia;1956.045867;5545.380994;;;
2017;Jiama;China;CHN;East Asia;3986.610552;7260.826308;;;
2018;Jiama;China;CHN;East Asia;6346.867754;13018.99792;;;
2019;Jiama;China;CHN;East Asia;7923.625751;34256.06479;;;
2016;Jianlong;China;CHN;East Asia;395.6704594;1170.252569;;;
2015;Jianlong;China;CHN;East Asia;1245.757862;1770.807562;;;
2016;Jianlong;China;CHN;East Asia;1203.857781;1770.413847;;;
2015;Jilongshan;China;CHN;East Asia;360.5288867;1604.470444;;;
2016;Jilongshan;China;CHN;East Asia;359.9494152;1604.470444;;;
2017;Jilongshan;China;CHN;East Asia;356.4710069;1604.470444;;;
2018;Jilongshan;China;CHN;East Asia;355.5386047;1599.047006;;;
2019;Jilongshan;China;CHN;East Asia;358.5814004;1604.470444;;;
2015;Jinchuan;China;CHN;East Asia;5439.008399;7236.118446;;;
2016;Jinchuan;China;CHN;East Asia;5439.008399;7236.118446;;;
2017;Jinchuan;China;CHN;East Asia;5439.008399;7236.118446;;;
2018;Jinchuan;China;CHN;East Asia;5439.008399;7236.118446;;;
2019;Jinchuan;China;CHN;East Asia;5934.587299;7165.070466;;;
2015;Jingbian;China;CHN;East Asia;1668.090442;15607.31075;;;
2016;Jingbian;China;CHN;East Asia;1684.4232;15639.44109;;;
2017;Jingbian;China;CHN;East Asia;1635.25926;14852.75624;;;
2018;Jingbian;China;CHN;East Asia;1604.489291;14768.1399;;;
2019;Jingbian;China;CHN;East Asia;1680.927091;15639.44109;;;
2015;Jinshen;China;CHN;East Asia;2031.487124;16036.19221;;;
2016;Jinshen;China;CHN;East Asia;2027.034968;16036.19221;;;
2017;Jinshen;China;CHN;East Asia;2027.034968;16036.19221;;;
2018;Jinshen;China;CHN;East Asia;2599.171226;16537.60154;;;
2019;Jinshen;China;CHN;East Asia;2030.640657;16036.19221;;;
2019;Jinxing;China;CHN;East Asia;1237.541682;2682.581731;;;
2018;Jinzhi;China;CHN;East Asia;363.3222759;1123.898142;;;
2019;Jinzhi;China;CHN;East Asia;365.168873;1123.898142;;;
2015;Jiujiang;China;CHN;East Asia;1680.272131;12229.67314;;;
2016;Jiujiang;China;CHN;East Asia;1685.151178;12229.67314;;;
2017;Jiujiang;China;CHN;East Asia;1680.272131;12229.67314;;;
2018;Jiujiang;China;CHN;East Asia;1603.90983;11715.40019;;;
2019;Jiujiang;China;CHN;East Asia;1669.805867;12211.99099;;;
2015;Jiuquan;China;CHN;East Asia;192.1921396;1030.474309;;;
2016;Jiuquan;China;CHN;East Asia;192.1921396;1030.474309;;;
2017;Jiuquan;China;CHN;East Asia;192.1921396;1030.474309;;;
2018;Jiuquan;China;CHN;East Asia;192.1921396;1030.474309;;;
2019;Jiuquan;China;CHN;East Asia;192.1921396;1030.474309;;;
2019;Julong Copper Mine;China;CHN;East Asia;2203.741533;14460.43324;;;
2015;Junpeng;China;CHN;East Asia;338.4733228;1125.716584;;;
2016;Junpeng;China;CHN;East Asia;338.4733228;1125.716584;;;
2017;Junpeng;China;CHN;East Asia;338.4733228;1125.716584;;;
2018;Junpeng;China;CHN;East Asia;333.207592;1125.716584;;;
2019;Junpeng;China;CHN;East Asia;345.5231745;1125.716584;;;
2015;Lamazhaobei;China;CHN;East Asia;1945.649681;13198.03755;;;
2016;Lamazhaobei;China;CHN;East Asia;1945.11084;13198.03755;;;
2017;Lamazhaobei;China;CHN;East Asia;1945.11084;13198.03755;;;
2018;Lamazhaobei;China;CHN;East Asia;1864.915853;12898.35703;;;
2019;Lamazhaobei;China;CHN;East Asia;1963.395261;13177.87805;;;
2015;Langlike;China;CHN;East Asia;4025.973867;14155.12895;;;
2016;Langlike;China;CHN;East Asia;4028.109193;14155.12895;;;
2017;Langlike;China;CHN;East Asia;3872.052098;13987.87534;;;
2018;Langlike;China;CHN;East Asia;4057.83697;14155.12895;;;
2019;Langlike;China;CHN;East Asia;3879.700824;13987.87534;;;
2015;Langyashan;China;CHN;East Asia;265.2607702;996.2196113;;;
2016;Langyashan;China;CHN;East Asia;265.4943445;996.2196113;;;
2017;Langyashan;China;CHN;East Asia;263.7707117;996.2196113;;;
2018;Langyashan;China;CHN;East Asia;266.778178;996.2196113;;;
2019;Langyashan;China;CHN;East Asia;263.4710148;996.2196113;;;
2015;Laocun Hydrometallurgy Plant;China;CHN;East Asia;1680.272131;12771.58231;;;
2016;Laocun Hydrometallurgy Plant;China;CHN;East Asia;1680.272131;12771.58231;;;
2017;Laocun Hydrometallurgy Plant;China;CHN;East Asia;1680.272131;12771.58231;;;
2018;Laocun Hydrometallurgy Plant;China;CHN;East Asia;1680.066074;12771.58231;;;
2019;Laocun Hydrometallurgy Plant;China;CHN;East Asia;1680.066074;12771.58231;;;
2015;Liuzuo;China;CHN;East Asia;734.017083;1731.151817;;;
2016;Liuzuo;China;CHN;East Asia;950.0343321;1954.066225;;;
2017;Liuzuo;China;CHN;East Asia;857.4802361;1724.58032;;;
2018;Liuzuo;China;CHN;East Asia;712.4050376;1725.022492;;;
2019;Liuzuo;China;CHN;East Asia;712.4050376;1725.022492;;;
2017;Liwan;China;CHN;East Asia;1603.90983;11604.48826;;;
2018;Liwan;China;CHN;East Asia;1680.272131;12109.38858;;;
2019;Liwan;China;CHN;East Asia;1669.805867;12091.88034;;;
2015;Luojiahe;China;CHN;East Asia;411.9905018;1131.153945;;;
2016;Luojiahe;China;CHN;East Asia;411.7224852;1131.153945;;;
2017;Luojiahe;China;CHN;East Asia;399.9096055;1131.153945;;;
2018;Luojiahe;China;CHN;East Asia;385.7649502;1131.153945;;;
2019;Luojiahe;China;CHN;East Asia;389.4015733;1131.153945;;;
2015;Lvshui;China;CHN;East Asia;378.3898219;1123.898142;;;
2016;Lvshui;China;CHN;East Asia;394.0807625;1123.898142;;;
2017;Lvshui;China;CHN;East Asia;401.9384934;1123.898142;;;
2018;Lvshui;China;CHN;East Asia;322.252095;1123.898142;;;
2019;Lvshui;China;CHN;East Asia;348.2738334;1123.898142;;;
2015;Niutoushan;China;CHN;East Asia;1721.55887;9419.91525;;;
2016;Niutoushan;China;CHN;East Asia;1722.68324;9419.91525;;;
2017;Niutoushan;China;CHN;East Asia;1710.342377;9358.00102;;;
2018;Niutoushan;China;CHN;East Asia;1691.157778;8966.321265;;;
2019;Niutoushan;China;CHN;East Asia;1691.157778;8966.321265;;;
2015;Qilianshan;China;CHN;East Asia;3152.127312;18337.04764;;;
2016;Qilianshan;China;CHN;East Asia;2216.202647;16208.75456;;;
2017;Qilianshan;China;CHN;East Asia;2216.202647;16208.75456;;;
2018;Qilianshan;China;CHN;East Asia;2510.441754;16497.26002;;;
2019;Qilianshan;China;CHN;East Asia;2503.922327;16497.26002;;;
2019;Qulong;China;CHN;East Asia;2480.306399;13540.87583;;;
2015;Sanxin;China;CHN;East Asia;780.9141038;1801.99299;;;
2016;Sanxin;China;CHN;East Asia;796.4735682;1802.102839;;;
2017;Sanxin;China;CHN;East Asia;796.4735682;1802.102839;;;
2018;Sanxin;China;CHN;East Asia;971.579135;2036.749564;;;
2019;Sanxin;China;CHN;East Asia;993.7726976;2254.038121;;;
2015;Shangrao;China;CHN;East Asia;340.7369143;1123.898142;;;
2016;Shangrao;China;CHN;East Asia;340.7369143;1123.898142;;;
2017;Shangrao;China;CHN;East Asia;340.7369143;1123.898142;;;
2018;Shangrao;China;CHN;East Asia;340.7369143;1123.898142;;;
2019;Shangrao;China;CHN;East Asia;340.7369143;1123.898142;;;
2017;Shaxi;China;CHN;East Asia;478.0004482;1590.618295;;;
2018;Shaxi;China;CHN;East Asia;1226.425574;2616.35247;;;
2019;Shaxi;China;CHN;East Asia;1511.916947;3517.163835;;;
2015;Shejiaao;China;CHN;East Asia;1591.241196;9124.009671;;;
2016;Shejiaao;China;CHN;East Asia;1616.12265;13175.7143;;;
2017;Shejiaao;China;CHN;East Asia;1597.226071;11800.33213;;;
2018;Shejiaao;China;CHN;East Asia;1568.74169;3770.188095;;;
2019;Shejiaao;China;CHN;East Asia;1573.101942;9034.546399;;;
2015;Shijuli Copper Mine Liuhaogou;China;CHN;East Asia;1694.4846;15229.22712;;;
2016;Shijuli Copper Mine Liuhaogou;China;CHN;East Asia;1650.96174;14482.00474;;;
2017;Shijuli Copper Mine Liuhaogou;China;CHN;East Asia;1723.18414;15316.34158;;;
2018;Shijuli Copper Mine Liuhaogou;China;CHN;East Asia;1694.4846;15229.22712;;;
2019;Shijuli Copper Mine Liuhaogou;China;CHN;East Asia;1688.652971;15229.22712;;;
2015;Shitouzui;China;CHN;East Asia;275.8493343;1684.726789;;;
2016;Shitouzui;China;CHN;East Asia;275.7129037;1684.726789;;;
2017;Shitouzui;China;CHN;East Asia;275.6078539;1684.726789;;;
2018;Shitouzui;China;CHN;East Asia;280.8304745;1684.726789;;;
2019;Shitouzui;China;CHN;East Asia;271.6994682;1684.726789;;;
2015;Shizishan;China;CHN;East Asia;596.4229772;1177.214363;;;
2016;Shizishan;China;CHN;East Asia;594.8123065;1177.214363;;;
2017;Shizishan;China;CHN;East Asia;594.8123065;1177.214363;;;
2018;Shizishan;China;CHN;East Asia;556.8338815;1168.885005;;;
2019;Shizishan;China;CHN;East Asia;578.0122219;1175.482357;;;
2015;Shuguang Gold-Copper Mine;China;CHN;East Asia;2603.004354;7077.721424;;;
2016;Shuguang Gold-Copper Mine;China;CHN;East Asia;2006.649625;6913.345459;;;
2017;Shuguang Gold-Copper Mine;China;CHN;East Asia;2313.281012;6997.730752;;;
2018;Shuguang Gold-Copper Mine;China;CHN;East Asia;2000.007737;6895.17944;;;
2019;Shuguang Gold-Copper Mine;China;CHN;East Asia;2044.029004;6908.329372;;;
2015;Sichuan La-La;China;CHN;East Asia;2464.057808;17494.74368;;;
2016;Sichuan La-La;China;CHN;East Asia;2377.818316;17525.30844;;;
2017;Sichuan La-La;China;CHN;East Asia;2377.818316;17525.30844;;;
2018;Sichuan La-La;China;CHN;East Asia;2325.521413;17326.38608;;;
2019;Sichuan La-La;China;CHN;East Asia;2122.134079;17167.22291;;;
2015;Sunan Dongshanding;China;CHN;East Asia;341.1037415;975.0809057;;;
2016;Sunan Dongshanding;China;CHN;East Asia;347.7107336;975.0809057;;;
2017;Sunan Dongshanding;China;CHN;East Asia;347.6120155;975.0809057;;;
2018;Sunan Dongshanding;China;CHN;East Asia;341.4419829;975.0809057;;;
2019;Sunan Dongshanding;China;CHN;East Asia;364.1530788;975.0809057;;;
2015;Tongdan;China;CHN;East Asia;423.4557609;1128.982783;;;
2016;Tongdan;China;CHN;East Asia;428.4052837;1128.982783;;;
2017;Tongdan;China;CHN;East Asia;423.62871;1128.982783;;;
2018;Tongdan;China;CHN;East Asia;423.1428552;1128.982783;;;
2019;Tongdan;China;CHN;East Asia;392.2131734;1130.192228;;;
2015;Tonghui;China;CHN;East Asia;2216.521045;12502.81473;;;
2016;Tonghui;China;CHN;East Asia;2216.521045;12502.81473;;;
2017;Tonghui;China;CHN;East Asia;2216.521045;12502.81473;;;
2018;Tonghui;China;CHN;East Asia;2216.521045;12502.81473;;;
2019;Tonghui;China;CHN;East Asia;2216.521045;12502.81473;;;
2015;Tongkuangyu;China;CHN;East Asia;3040.414447;7157.759656;;;
2016;Tongkuangyu;China;CHN;East Asia;2921.623711;7220.320582;;;
2017;Tongkuangyu;China;CHN;East Asia;3204.938074;7320.138152;;;
2018;Tongkuangyu;China;CHN;East Asia;3010.769522;7157.759656;;;
2019;Tongkuangyu;China;CHN;East Asia;3040.414447;7157.759656;;;
2015;Tonglvshan;China;CHN;East Asia;2243.076829;16832.74382;;;
2016;Tonglvshan;China;CHN;East Asia;2379.618602;17488.77456;;;
2017;Tonglvshan;China;CHN;East Asia;1076.466006;1738.837383;;;
2018;Tonglvshan;China;CHN;East Asia;1007.580094;1522.615928;;;
2019;Tonglvshan;China;CHN;East Asia;795.3738514;1252.61279;;;
2015;Tongshan;China;CHN;East Asia;363.9543366;1128.982783;;;
2016;Tongshan;China;CHN;East Asia;379.0612391;1128.982783;;;
2017;Tongshan;China;CHN;East Asia;370.8445998;1128.982783;;;
2018;Tongshan;China;CHN;East Asia;424.6975991;1128.982783;;;
2019;Tongshan;China;CHN;East Asia;376.9713304;1128.982783;;;
2015;Tongshankou;China;CHN;East Asia;1032.712572;1884.95734;;;
2016;Tongshankou;China;CHN;East Asia;607.320721;1337.14587;;;
2017;Tongshankou;China;CHN;East Asia;484.03239;1274.53423;;;
2018;Tongshankou;China;CHN;East Asia;1060.545861;1887.004158;;;
2019;Tongshankou;China;CHN;East Asia;891.8841874;1391.939399;;;
2015;Tongshanpai;China;CHN;East Asia;1740.690974;15820.14639;;;
2016;Tongshanpai;China;CHN;East Asia;1790.309058;15888.12833;;;
2017;Tongshanpai;China;CHN;East Asia;1790.309058;15888.12833;;;
2018;Tongshanpai;China;CHN;East Asia;1728.614333;15820.14639;;;
2019;Tongshanpai;China;CHN;East Asia;1740.690974;15820.14639;;;
2015;Wutongjing;China;CHN;East Asia;1617.605329;11715.40019;;;
2016;Wutongjing;China;CHN;East Asia;1617.605329;11715.40019;;;
2017;Wutongjing;China;CHN;East Asia;1617.605329;11715.40019;;;
2018;Wutongjing;China;CHN;East Asia;1617.605329;11715.40019;;;
2019;Wutongjing;China;CHN;East Asia;1617.605329;11715.40019;;;
2015;Xinqiao;China;CHN;East Asia;456.2392728;1269.947514;;;
2016;Xinqiao;China;CHN;East Asia;455.933397;1269.947514;;;
2017;Xinqiao;China;CHN;East Asia;472.8488776;1269.947514;;;
2018;Xinqiao;China;CHN;East Asia;397.3982562;1269.947514;;;
2019;Xinqiao;China;CHN;East Asia;449.6283983;1269.947514;;;
2015;Xinwang;China;CHN;East Asia;2041.061456;13327.08261;;;
2016;Xinwang;China;CHN;East Asia;2045.854158;13327.08261;;;
2017;Xinwang;China;CHN;East Asia;2041.061456;13327.08261;;;
2018;Xinwang;China;CHN;East Asia;2021.025949;13329.81073;;;
2019;Xinwang;China;CHN;East Asia;2041.061456;13327.08261;;;
2015;Xinzhuang;China;CHN;East Asia;289.2379674;1700.205977;;;
2016;Xinzhuang;China;CHN;East Asia;270.023364;1700.205977;;;
2017;Xinzhuang;China;CHN;East Asia;290.2064831;1700.205977;;;
2018;Xinzhuang;China;CHN;East Asia;275.7281205;1700.205977;;;
2019;Xinzhuang;China;CHN;East Asia;269.9210745;1700.205977;;;
2015;Yinan;China;CHN;East Asia;270.9692441;1125.716584;;;
2016;Yinan;China;CHN;East Asia;222.0501052;1125.716584;;;
2015;Yinshan;China;CHN;East Asia;2174.02442;6846.371497;;;
2016;Yinshan;China;CHN;East Asia;2378.21263;6873.835644;;;
2017;Yinshan;China;CHN;East Asia;2247.51673;6847.289912;;;
2018;Yinshan;China;CHN;East Asia;2133.063097;6846.925053;;;
2019;Yinshan;China;CHN;East Asia;2135.36783;6846.925053;;;
2015;Yinshanling;China;CHN;East Asia;1572.255768;9838.247088;;;
2016;Yinshanling;China;CHN;East Asia;1569.345732;9838.247088;;;
2017;Yinshanling;China;CHN;East Asia;1572.255768;9838.247088;;;
2018;Yinshanling;China;CHN;East Asia;1574.002455;9838.247088;;;
2019;Yinshanling;China;CHN;East Asia;1572.255768;9838.247088;;;
2015;Yiyang Xuri;China;CHN;East Asia;270.9570588;1140.920641;;;
2016;Yiyang Xuri;China;CHN;East Asia;270.1893265;1140.920641;;;
2017;Yiyang Xuri;China;CHN;East Asia;274.1716865;1140.920641;;;
2018;Yiyang Xuri;China;CHN;East Asia;257.8748663;1140.184119;;;
2019;Yiyang Xuri;China;CHN;East Asia;271.1865383;1140.920641;;;
2015;Yongping;China;CHN;East Asia;1981.849758;10385.59325;;;
2016;Yongping;China;CHN;East Asia;1982.882222;10385.59325;;;
2017;Yongping;China;CHN;East Asia;2218.060827;10708.80677;;;
2018;Yongping;China;CHN;East Asia;2379.651591;10883.42115;;;
2019;Yongping;China;CHN;East Asia;2353.488704;10792.09241;;;
2019;Yuanzhuding Mountain;China;CHN;East Asia;1685.598979;13700.13523;;;
2015;Yueshan;China;CHN;East Asia;1517.304063;3597.616671;;;
2016;Yueshan;China;CHN;East Asia;1807.932006;12932.5017;;;
2017;Yueshan;China;CHN;East Asia;1939.945659;13159.65755;;;
2018;Yueshan;China;CHN;East Asia;1408.271174;1988.029801;;;
2019;Yueshan;China;CHN;East Asia;1517.304063;3597.616671;;;
2018;Zhenxing;China;CHN;East Asia;3106.440028;19057.12437;;;
2019;Zhenxing;China;CHN;East Asia;3106.440028;19057.12437;;;
2017;Zhibula;China;CHN;East Asia;2942.127842;16140.96696;;;
2018;Zhibula;China;CHN;East Asia;2611.559978;14720.2796;;;
2019;Zhibula;China;CHN;East Asia;2611.559978;14720.2796;;;
2015;Zijinshan Gold;China;CHN;East Asia;13006.13062;43530.47224;;;
2016;Zijinshan Gold;China;CHN;East Asia;12830.7995;43523.76954;;;
2017;Zijinshan Gold;China;CHN;East Asia;11798.76829;35966.61841;;;
2018;Zijinshan Gold;China;CHN;East Asia;11746.44899;34389.31237;;;
2019;Zijinshan Gold;China;CHN;East Asia;11736.75337;34389.31237;;;
2015;Batu Hijau;Indonesia;IDN;East Asia;31873.65805;150323.8347;;;
2016;Batu Hijau;Indonesia;IDN;East Asia;31719.08455;149838.0186;;;
2017;Batu Hijau;Indonesia;IDN;East Asia;16221.43562;42671.7984;;;
2018;Batu Hijau;Indonesia;IDN;East Asia;26850.24715;145474.6743;;;
2019;Batu Hijau;Indonesia;IDN;East Asia;18433.43335;43997.06908;;;
2015;Phu Kham;Laos;LAO;East Asia;8549.478828;36375.27759;;;
2016;Phu Kham;Laos;LAO;East Asia;12982.44094;46797.14884;;;
2017;Phu Kham;Laos;LAO;East Asia;12223.81746;46119.67569;;;
2018;Phu Kham;Laos;LAO;East Asia;8886.55884;36659.12127;;;
2019;Phu Kham;Laos;LAO;East Asia;7202;59012;;;
2015;Sepon Copper;Laos;LAO;East Asia;5594.441475;18255.8093;;;
2016;Sepon Copper;Laos;LAO;East Asia;5612.004574;18255.8093;;;
2017;Sepon Copper;Laos;LAO;East Asia;5003.385931;17830.0181;;;
2018;Sepon Copper;Laos;LAO;East Asia;4997.354401;17830.0181;;;
2019;Sepon Copper;Laos;LAO;East Asia;4966.73642;17969.62102;;;
2018;Kainantu;Papua New Guinea;PNG;Oceania;127.4420778;1684.726789;;;
2019;Kainantu;Papua New Guinea;PNG;Oceania;63.727;1330.267874;;;
2015;Ok Tedi;Papua New Guinea;PNG;Oceania;11771;39350;;;
2016;Ok Tedi;Papua New Guinea;PNG;Oceania;14725;52083;;;
2017;Ok Tedi;Papua New Guinea;PNG;Oceania;16425;60844;;;
2018;Ok Tedi;Papua New Guinea;PNG;Oceania;12185;52799;;;
2019;Ok Tedi;Papua New Guinea;PNG;Oceania;12054;49073;;;
2015;Atlas Toledo;Philippines;PHL;East Asia;8410.794396;29833.46663;;;
2016;Atlas Toledo;Philippines;PHL;East Asia;8649.577638;29890.5761;;;
2017;Atlas Toledo;Philippines;PHL;East Asia;4547.35141;7334.290234;;;
2018;Atlas Toledo;Philippines;PHL;East Asia;5660.570433;7379.150996;;;
2019;Atlas Toledo;Philippines;PHL;East Asia;15340;48541.33853;;;
2015;Didipio;Philippines;PHL;East Asia;2353.702766;6874.359949;;;
2016;Didipio;Philippines;PHL;East Asia;2608.754302;6926.242409;;;
2017;Didipio;Philippines;PHL;East Asia;1799.378667;6664.297739;;;
2018;Didipio;Philippines;PHL;East Asia;1735.15087;6646.946096;;;
2019;Didipio;Philippines;PHL;East Asia;16443;45563.49412;;;
2017;Lepanto;Philippines;PHL;East Asia;228.391117;1596.043666;;;
2018;Lepanto;Philippines;PHL;East Asia;300.278905;1596.043666;;;
2019;Lepanto;Philippines;PHL;East Asia;269.356647;1596.043666;;;
2015;Padcal;Philippines;PHL;East Asia;714.646;1673.879124;;;
2016;Padcal;Philippines;PHL;East Asia;571.682;1599.994796;;;
2017;Padcal;Philippines;PHL;East Asia;590.383;1602.352297;;;
2018;Padcal;Philippines;PHL;East Asia;575.906;1599.994796;;;
2019;Padcal;Philippines;PHL;East Asia;9465.329;17395.731;;;
2015;Agarak;Armenia;ARM;Europe & Central Asia;1608.688705;11757.4636;;;
2016;Agarak;Armenia;ARM;Europe & Central Asia;1608.688705;11757.4636;;;
2017;Agarak;Armenia;ARM;Europe & Central Asia;1608.688705;11757.4636;;;
2018;Agarak;Armenia;ARM;Europe & Central Asia;1608.688705;11757.4636;;;
2019;Agarak;Armenia;ARM;Europe & Central Asia;1608.688705;11757.4636;;;
2015;Kapan;Armenia;ARM;Europe & Central Asia;364.7508586;1268.744255;;;
2016;Kapan;Armenia;ARM;Europe & Central Asia;320.6251883;1268.744255;;;
2017;Kapan;Armenia;ARM;Europe & Central Asia;371.5147618;1268.744255;;;
2018;Kapan;Armenia;ARM;Europe & Central Asia;383.9137131;1268.744255;;;
2019;Kapan;Armenia;ARM;Europe & Central Asia;397.0229884;1268.744255;;;
2015;Zangezur;Armenia;ARM;Europe & Central Asia;1895.152667;13851.58022;;;
2016;Zangezur;Armenia;ARM;Europe & Central Asia;1895.152667;13851.58022;;;
2017;Zangezur;Armenia;ARM;Europe & Central Asia;1895.152667;13851.58022;;;
2018;Zangezur;Armenia;ARM;Europe & Central Asia;1895.152667;13851.58022;;;
2019;Zangezur;Armenia;ARM;Europe & Central Asia;1895.152667;13851.58022;;;
2015;Chelopech;Bulgaria;BGR;Europe & Central Asia;1328.694;2866.962;;;
2016;Chelopech;Bulgaria;BGR;Europe & Central Asia;1101.902;2662.146;;;
2017;Chelopech;Bulgaria;BGR;Europe & Central Asia;951.351;2652.507;;;
2018;Chelopech;Bulgaria;BGR;Europe & Central Asia;1138.946;2953.47;;;
2019;Chelopech;Bulgaria;BGR;Europe & Central Asia;1199.809;2881.865;;;
2015;Panagyurishte Mining and Processing Complex;Bulgaria;BGR;Europe & Central Asia;11493.22454;34955.59562;;;
2016;Panagyurishte Mining and Processing Complex;Bulgaria;BGR;Europe & Central Asia;11493.22454;34955.59562;;;
2017;Panagyurishte Mining and Processing Complex;Bulgaria;BGR;Europe & Central Asia;11493.22454;34955.59562;;;
2018;Panagyurishte Mining and Processing Complex;Bulgaria;BGR;Europe & Central Asia;11203.90413;34955.59562;;;
2019;Panagyurishte Mining and Processing Complex;Bulgaria;BGR;Europe & Central Asia;11203.90413;34955.59562;;;
2015;Skouriotissa;Cyprus;CYP;Europe & Central Asia;898.8602627;1224.440071;;;
2016;Skouriotissa;Cyprus;CYP;Europe & Central Asia;898.8602627;1224.440071;;;
2017;Skouriotissa;Cyprus;CYP;Europe & Central Asia;898.8602627;1224.440071;;;
2018;Skouriotissa;Cyprus;CYP;Europe & Central Asia;898.8602627;1224.440071;;;
2019;Skouriotissa;Cyprus;CYP;Europe & Central Asia;898.8602627;1224.440071;;;
2015;Madneuli;Georgia;GEO;Europe & Central Asia;1186.807405;1771.489752;;;
2016;Madneuli;Georgia;GEO;Europe & Central Asia;1186.807405;1771.489752;;;
2017;Madneuli;Georgia;GEO;Europe & Central Asia;1186.807405;1771.489752;;;
2018;Madneuli;Georgia;GEO;Europe & Central Asia;1186.807405;1771.489752;;;
2019;Madneuli;Georgia;GEO;Europe & Central Asia;1186.807405;1771.489752;;;
2015;Aktogay;Kazakhstan;KAZ;Europe & Central Asia;354;1123.898142;;;
2016;Aktogay;Kazakhstan;KAZ;Europe & Central Asia;1105;1758.077516;;;
2017;Aktogay;Kazakhstan;KAZ;Europe & Central Asia;8552;29645.58921;;;
2018;Aktogay;Kazakhstan;KAZ;Europe & Central Asia;12075;40883.38048;;;
2019;Aktogay;Kazakhstan;KAZ;Europe & Central Asia;14390;42763.7419;;;
2016;Bozshakol;Kazakhstan;KAZ;Europe & Central Asia;15863;43389.25136;;;
2017;Bozshakol;Kazakhstan;KAZ;Europe & Central Asia;29034;155513.752;;;
2018;Bozshakol;Kazakhstan;KAZ;Europe & Central Asia;22659;90162.35995;;;
2019;Bozshakol;Kazakhstan;KAZ;Europe & Central Asia;6543;60627.07746;;;
2015;East Region Operations;Kazakhstan;KAZ;Europe & Central Asia;14772;85441.02658;;;
2016;East Region Operations;Kazakhstan;KAZ;Europe & Central Asia;13291;71863.76147;;;
2017;East Region Operations;Kazakhstan;KAZ;Europe & Central Asia;11356;42986.21457;;;
2018;East Region Operations;Kazakhstan;KAZ;Europe & Central Asia;7866;39566.01963;;;
2019;East Region Operations;Kazakhstan;KAZ;Europe & Central Asia;8525;41316.8375;;;
2015;Karaganda Region;Kazakhstan;KAZ;Europe & Central Asia;3204.408616;8801.817027;;;
2016;Karaganda Region;Kazakhstan;KAZ;Europe & Central Asia;3204.408616;8801.817027;;;
2017;Karaganda Region;Kazakhstan;KAZ;Europe & Central Asia;3204.408616;8801.817027;;;
2018;Karaganda Region;Kazakhstan;KAZ;Europe & Central Asia;3204.408616;8801.817027;;;
2019;Karaganda Region;Kazakhstan;KAZ;Europe & Central Asia;3204.408616;8801.817027;;;
2015;Kazzinc Consolidated;Kazakhstan;KAZ;Europe & Central Asia;7212.667845;27505.56672;;;
2016;Kazzinc Consolidated;Kazakhstan;KAZ;Europe & Central Asia;11444.27105;33635.45352;;;
2017;Kazzinc Consolidated;Kazakhstan;KAZ;Europe & Central Asia;7172.976349;30121.99533;;;
2018;Kazzinc Consolidated;Kazakhstan;KAZ;Europe & Central Asia;11397.6006;33635.45352;;;
2019;Kazzinc Consolidated;Kazakhstan;KAZ;Europe & Central Asia;11861.08875;35258.0867;;;
2015;Maikainzoloto;Kazakhstan;KAZ;Europe & Central Asia;444.7142596;1268.744255;;;
2016;Maikainzoloto;Kazakhstan;KAZ;Europe & Central Asia;1051.100842;1882.232629;;;
2017;Maikainzoloto;Kazakhstan;KAZ;Europe & Central Asia;1051.100842;1882.232629;;;
2018;Maikainzoloto;Kazakhstan;KAZ;Europe & Central Asia;1051.100842;1882.232629;;;
2019;Maikainzoloto;Kazakhstan;KAZ;Europe & Central Asia;1051.100842;1882.232629;;;
2015;Varvara;Kazakhstan;KAZ;Europe & Central Asia;4902.608432;14365.27299;;;
2016;Varvara;Kazakhstan;KAZ;Europe & Central Asia;4902.608432;14365.27299;;;
2017;Varvara;Kazakhstan;KAZ;Europe & Central Asia;5323.79358;14226.83504;;;
2018;Varvara;Kazakhstan;KAZ;Europe & Central Asia;6275.184497;16537.34795;;;
2019;Varvara;Kazakhstan;KAZ;Europe & Central Asia;6157.413953;15069.49883;;;
2015;Bozymchak;Kyrgyzstan;KGZ;Europe & Central Asia;190;1336.798068;;;
2016;Bozymchak;Kyrgyzstan;KGZ;Europe & Central Asia;226;1336.798068;;;
2017;Bozymchak;Kyrgyzstan;KGZ;Europe & Central Asia;278;1336.798068;;;
2018;Bozymchak;Kyrgyzstan;KGZ;Europe & Central Asia;304;1336.798068;;;
2019;Bozymchak;Kyrgyzstan;KGZ;Europe & Central Asia;421;1336.798068;;;
2015;Bucim;Macedonia;MKD;Europe & Central Asia;2315.077747;14547.32423;;;
2016;Bucim;Macedonia;MKD;Europe & Central Asia;2607.777212;14720.2796;;;
2017;Bucim;Macedonia;MKD;Europe & Central Asia;2517.795127;14545.65843;;;
2018;Bucim;Macedonia;MKD;Europe & Central Asia;2517.795127;14545.65843;;;
2019;Bucim;Macedonia;MKD;Europe & Central Asia;2517.795127;14545.65843;;;
2015;Rudna;Poland;POL;Europe & Central Asia;27224.39005;168624.0996;;;
2016;Rudna;Poland;POL;Europe & Central Asia;28587.78467;171477.9312;;;
2017;Rudna;Poland;POL;Europe & Central Asia;27042.02416;167954.5042;;;
2018;Rudna;Poland;POL;Europe & Central Asia;26290.78155;159511.3874;;;
2019;Rudna;Poland;POL;Europe & Central Asia;24515.20553;119080.4401;;;
2015;Lubin;Poland;POL;Europe & Central Asia;12135.27067;70662.67763;;;
2016;Lubin;Poland;POL;Europe & Central Asia;12076.24802;70626.71271;;;
2017;Lubin;Poland;POL;Europe & Central Asia;11693.11451;52111.89465;;;
2018;Lubin;Poland;POL;Europe & Central Asia;12086.72619;70626.71271;;;
2019;Lubin;Poland;POL;Europe & Central Asia;12671.96155;72025.87782;;;
2016;Polkowice-Sieroszowice;Poland;POL;Europe & Central Asia;22081.38459;87748.6724;;;
2017;Polkowice-Sieroszowice;Poland;POL;Europe & Central Asia;21983.67527;87745.2574;;;
2018;Polkowice-Sieroszowice;Poland;POL;Europe & Central Asia;21456.06346;87467.63625;;;
2019;Polkowice-Sieroszowice;Poland;POL;Europe & Central Asia;21430.82081;87467.63625;;;
2015;Aljustrel;Portugal;PRT;Europe & Central Asia;856.1257444;1297.580257;;;
2016;Aljustrel;Portugal;PRT;Europe & Central Asia;856.1257444;1297.580257;;;
2017;Aljustrel;Portugal;PRT;Europe & Central Asia;856.1257444;1297.580257;;;
2018;Aljustrel;Portugal;PRT;Europe & Central Asia;850.5105969;1301.910216;;;
2015;Neves-Corvo;Portugal;PRT;Europe & Central Asia;5530.32243;9374.159518;;;
2016;Neves-Corvo;Portugal;PRT;Europe & Central Asia;3331.619442;8376.928628;;;
2017;Neves-Corvo;Portugal;PRT;Europe & Central Asia;3513.656888;8208.169907;;;
2018;Neves-Corvo;Portugal;PRT;Europe & Central Asia;4170;8048.666733;;;
2019;Neves-Corvo;Portugal;PRT;Europe & Central Asia;2400;7846.011305;;;
2018;Baita Plai;Romania;ROU;Europe & Central Asia;4164.71494;11178.78507;;;
2019;Baita Plai;Romania;ROU;Europe & Central Asia;4381.336682;11159.87123;;;
2015;Manaila;Romania;ROU;Europe & Central Asia;2693.066372;10587.9893;;;
2016;Manaila;Romania;ROU;Europe & Central Asia;2693.066372;10587.9893;;;
2017;Manaila;Romania;ROU;Europe & Central Asia;2693.066372;10587.9893;;;
2018;Manaila;Romania;ROU;Europe & Central Asia;2716.451998;10621.39953;;;
2015;Bashkir;Russia;RUS;Europe & Central Asia;1646.920874;8174.267036;;;
2016;Bashkir;Russia;RUS;Europe & Central Asia;1944.303419;8795.248086;;;
2017;Bashkir;Russia;RUS;Europe & Central Asia;1940.468939;8795.248086;;;
2018;Bashkir;Russia;RUS;Europe & Central Asia;2683.091792;10785.72228;;;
2019;Bashkir;Russia;RUS;Europe & Central Asia;2643.873088;10621.00498;;;
2015;Gaisky Complex;Russia;RUS;Europe & Central Asia;12347.56594;74497.51843;;;
2016;Gaisky Complex;Russia;RUS;Europe & Central Asia;12558.73331;75428.25596;;;
2017;Gaisky Complex;Russia;RUS;Europe & Central Asia;12571.01481;75428.25596;;;
2018;Gaisky Complex;Russia;RUS;Europe & Central Asia;12209.63739;74950.27184;;;
2019;Gaisky Complex;Russia;RUS;Europe & Central Asia;12558.73331;75428.25596;;;
2015;Kola Division;Russia;RUS;Europe & Central Asia;17404.09441;43077.8792;;;
2016;Kola Division;Russia;RUS;Europe & Central Asia;21293.6639;64884.34739;;;
2017;Kola Division;Russia;RUS;Europe & Central Asia;31730;191600;;;
2018;Kola Division;Russia;RUS;Europe & Central Asia;32820;197200;;;
2019;Kola Division;Russia;RUS;Europe & Central Asia;27950;178600;;;
2015;Polar Division;Russia;RUS;Europe & Central Asia;39623.42006;349801.6316;;;
2016;Polar Division;Russia;RUS;Europe & Central Asia;40557.23294;349801.6316;;;
2017;Polar Division;Russia;RUS;Europe & Central Asia;44500;557600;;;
2018;Polar Division;Russia;RUS;Europe & Central Asia;38100;498500;;;
2019;Polar Division;Russia;RUS;Europe & Central Asia;26500;484900;;;
2015;Safyanovskaya-Med;Russia;RUS;Europe & Central Asia;3102.870772;8801.817027;;;
2016;Safyanovskaya-Med;Russia;RUS;Europe & Central Asia;4259.116048;8491.55627;;;
2017;Safyanovskaya-Med;Russia;RUS;Europe & Central Asia;4042.205953;8485.846488;;;
2018;Safyanovskaya-Med;Russia;RUS;Europe & Central Asia;2959.820951;8616.329226;;;
2019;Safyanovskaya-Med;Russia;RUS;Europe & Central Asia;2522.979072;8182.378124;;;
2015;Sibay;Russia;RUS;Europe & Central Asia;1811.724123;8584.563283;;;
2016;Sibay;Russia;RUS;Europe & Central Asia;1811.724123;8584.563283;;;
2017;Sibay;Russia;RUS;Europe & Central Asia;1476.534884;2449.235178;;;
2018;Sibay;Russia;RUS;Europe & Central Asia;2555.704449;10455.26692;;;
2019;Sibay;Russia;RUS;Europe & Central Asia;2555.704449;10455.26692;;;
2015;Uchaly;Russia;RUS;Europe & Central Asia;5111.092273;6218.021637;;;
2016;Uchaly;Russia;RUS;Europe & Central Asia;6296.962836;14383.05619;;;
2017;Uchaly;Russia;RUS;Europe & Central Asia;5066.887909;6218.021637;;;
2018;Uchaly;Russia;RUS;Europe & Central Asia;5242.530429;6220.368672;;;
2019;Uchaly;Russia;RUS;Europe & Central Asia;5106.430133;6218.021637;;;
2015;Bor Basin;Serbia;SRB;Europe & Central Asia;2603.502066;8249.120524;;;
2016;Bor Basin;Serbia;SRB;Europe & Central Asia;2571.394295;8216.526453;;;
2017;Bor Basin;Serbia;SRB;Europe & Central Asia;3503.62778;8630.028068;;;
2018;Bor Basin;Serbia;SRB;Europe & Central Asia;3506.293079;8630.028068;;;
2019;Bor Basin;Serbia;SRB;Europe & Central Asia;3520.731884;8630.028068;;;
2015;Aguablanca;Spain;ESP;Europe & Central Asia;614.3925063;1341.507106;;;
2015;El Valle;Spain;ESP;Europe & Central Asia;5395.013643;7578.689584;;;
2016;El Valle;Spain;ESP;Europe & Central Asia;5344.247592;7578.689584;;;
2017;El Valle;Spain;ESP;Europe & Central Asia;5419.496194;7578.689584;;;
2018;El Valle;Spain;ESP;Europe & Central Asia;5427.656645;7578.689584;;;
2019;El Valle;Spain;ESP;Europe & Central Asia;5445.494338;7578.689584;;;
2015;Las Cruces;Spain;ESP;Europe & Central Asia;3715.216786;8649.040945;;;
2016;Las Cruces;Spain;ESP;Europe & Central Asia;3762.189897;8501.54007;;;
2017;Las Cruces;Spain;ESP;Europe & Central Asia;3762.189897;8501.54007;;;
2018;Las Cruces;Spain;ESP;Europe & Central Asia;3715.301421;8649.040945;;;
2019;Las Cruces;Spain;ESP;Europe & Central Asia;2047;2924;;;
2015;Minas De Aguas Teñidas (MATSA);Spain;ESP;Europe & Central Asia;5889.957828;5753.462845;;;
2016;Minas De Aguas Teñidas (MATSA);Spain;ESP;Europe & Central Asia;5889.957828;5753.462845;;;
2017;Minas De Aguas Teñidas (MATSA);Spain;ESP;Europe & Central Asia;5951.726733;5944.170759;;;
2018;Minas De Aguas Teñidas (MATSA);Spain;ESP;Europe & Central Asia;5889.957828;5753.462845;;;
2019;Minas De Aguas Teñidas (MATSA);Spain;ESP;Europe & Central Asia;615.361;12687.98902;;;
2015;Proyecto de Rio Tinto;Spain;ESP;Europe & Central Asia;1340.687847;2086.032479;;;
2016;Proyecto de Rio Tinto;Spain;ESP;Europe & Central Asia;3128.029694;7527.389561;;;
2017;Proyecto de Rio Tinto;Spain;ESP;Europe & Central Asia;5924.591099;7258.989739;;;
2018;Proyecto de Rio Tinto;Spain;ESP;Europe & Central Asia;9036.93427;31822.51497;;;
2019;Proyecto de Rio Tinto;Spain;ESP;Europe & Central Asia;9968.066122;31275.81087;;;
2015;Sotiel;Spain;ESP;Europe & Central Asia;4839.312737;9299.863585;;;
2016;Sotiel;Spain;ESP;Europe & Central Asia;5633.078148;5978.426231;;;
2017;Sotiel;Spain;ESP;Europe & Central Asia;6160.601082;7687.700685;;;
2018;Sotiel;Spain;ESP;Europe & Central Asia;5793.330337;5792.004949;;;
2019;Sotiel;Spain;ESP;Europe & Central Asia;6367.941224;13205.17485;;;
2015;Zinkgruvan;Sweden;SWE;Europe & Central Asia;3541.939832;8176.508034;;;
2016;Zinkgruvan;Sweden;SWE;Europe & Central Asia;3524.618148;8176.508034;;;
2017;Zinkgruvan;Sweden;SWE;Europe & Central Asia;3215.127188;8373.437779;;;
2018;Zinkgruvan;Sweden;SWE;Europe & Central Asia;2490;7826.770062;;;
2019;Zinkgruvan;Sweden;SWE;Europe & Central Asia;3870;8013.714722;;;
2015;Almalyk Complex;Uzbekistan;UZB;Europe & Central Asia;12225.55795;41446.46931;;;
2016;Almalyk Complex;Uzbekistan;UZB;Europe & Central Asia;14204.75871;43849.55683;;;
2017;Almalyk Complex;Uzbekistan;UZB;Europe & Central Asia;14204.75871;43849.55683;;;
2018;Almalyk Complex;Uzbekistan;UZB;Europe & Central Asia;14204.75871;43849.55683;;;
2019;Almalyk Complex;Uzbekistan;UZB;Europe & Central Asia;14204.75871;43849.55683;;;
2015;Alumbrera;Argentina;ARG;Latin America & Caribbean;14748.57149;43691.91212;;;
2016;Alumbrera;Argentina;ARG;Latin America & Caribbean;14123.00452;43041.26195;;;
2017;Alumbrera;Argentina;ARG;Latin America & Caribbean;10220.90307;30368.87788;;;
2018;Alumbrera;Argentina;ARG;Latin America & Caribbean;2340.261316;14547.32423;;;
2015;Andina Division;Chile;CHL;Latin America & Caribbean;29982.11365;202814.2101;;;
2016;Andina Division;Chile;CHL;Latin America & Caribbean;32135.184;195261.6599;;;
2017;Andina Division;Chile;CHL;Latin America & Caribbean;29278.0224;199626.598;;;
2018;Andina Division;Chile;CHL;Latin America & Caribbean;26851.3272;183839.3543;;;
2019;Andina Division;Chile;CHL;Latin America & Caribbean;26310.4848;180560.5952;;;
2015;Chepica;Chile;CHL;Latin America & Caribbean;1702.71963;8539.764388;;;
2015;El Soldado;Chile;CHL;Latin America & Caribbean;4500.369728;6823.206973;;;
2016;El Soldado;Chile;CHL;Latin America & Caribbean;7111.191329;34261.2655;;;
2017;El Soldado;Chile;CHL;Latin America & Caribbean;6944.24064;17382.49215;;;
2018;El Soldado;Chile;CHL;Latin America & Caribbean;4497.907101;6823.206973;;;
2019;El Soldado;Chile;CHL;Latin America & Caribbean;4296.742137;6745.002286;;;
2015;El Teniente;Chile;CHL;Latin America & Caribbean;47593.07421;307583.3869;;;
2016;El Teniente;Chile;CHL;Latin America & Caribbean;48470.832;304957.1351;;;
2017;El Teniente;Chile;CHL;Latin America & Caribbean;49038.48;300096.2324;;;
2018;El Teniente;Chile;CHL;Latin America & Caribbean;52693.81776;299762.618;;;
2019;El Teniente;Chile;CHL;Latin America & Caribbean;69575.35392;300558.7992;;;
2015;Los Bronces;Chile;CHL;Latin America & Caribbean;25858.02972;178276.0745;;;
2016;Los Bronces;Chile;CHL;Latin America & Caribbean;25140.92412;156180.6358;;;
2017;Los Bronces;Chile;CHL;Latin America & Caribbean;25966.1151;184787.9386;;;
2018;Los Bronces;Chile;CHL;Latin America & Caribbean;23642.1646;126876.3374;;;
2019;Los Bronces;Chile;CHL;Latin America & Caribbean;16568.00789;98673.12947;;;
2015;Los Pelambres;Chile;CHL;Latin America & Caribbean;21557.68169;66150.10736;;;
2016;Los Pelambres;Chile;CHL;Latin America & Caribbean;24345.792;103435.8304;;;
2017;Los Pelambres;Chile;CHL;Latin America & Caribbean;25834.2912;146051.5633;;;
2018;Los Pelambres;Chile;CHL;Latin America & Caribbean;25390.57968;129272.7895;;;
2019;Los Pelambres;Chile;CHL;Latin America & Caribbean;19172.55337;54799.26537;;;
2015;Minera Valle Central;Chile;CHL;Latin America & Caribbean;2006.996959;14323.66404;;;
2016;Minera Valle Central;Chile;CHL;Latin America & Caribbean;5318.101011;16504.53185;;;
2017;Minera Valle Central;Chile;CHL;Latin America & Caribbean;7516.087265;32576.44632;;;
2018;Minera Valle Central;Chile;CHL;Latin America & Caribbean;7782.873356;29892.43287;;;
2019;Minera Valle Central;Chile;CHL;Latin America & Caribbean;13000;50500;;;
2015;Pimenton;Chile;CHL;Latin America & Caribbean;1868.119574;8252.512005;;;
2015;Tres Valles;Chile;CHL;Latin America & Caribbean;410.0997468;1104.31932;;;
2016;Tres Valles;Chile;CHL;Latin America & Caribbean;403.4208291;1104.31932;;;
2017;Tres Valles;Chile;CHL;Latin America & Caribbean;399.1648624;1104.31932;;;
2018;Tres Valles;Chile;CHL;Latin America & Caribbean;411.4218179;1104.31932;;;
2019;Tres Valles;Chile;CHL;Latin America & Caribbean;445.6971603;1104.31932;;;
2015;Cerro de Maimon;Dominican Republic;DOM;Latin America & Caribbean;603.0063917;1095.529578;;;
2016;Cerro de Maimon;Dominican Republic;DOM;Latin America & Caribbean;548.7787248;1094.163101;;;
2017;Cerro de Maimon;Dominican Republic;DOM;Latin America & Caribbean;548.7787248;1094.163101;;;
2018;Cerro de Maimon;Dominican Republic;DOM;Latin America & Caribbean;548.7787248;1094.163101;;;
2019;Cerro de Maimon;Dominican Republic;DOM;Latin America & Caribbean;548.7787248;1094.163101;;;
2015;Pueblo Viejo;Dominican Republic;DOM;Latin America & Caribbean;21060.95244;27351.88629;;;
2016;Pueblo Viejo;Dominican Republic;DOM;Latin America & Caribbean;18773.91322;27608.69591;;;
2017;Pueblo Viejo;Dominican Republic;DOM;Latin America & Caribbean;2800.604444;14759.63723;;;
2018;Pueblo Viejo;Dominican Republic;DOM;Latin America & Caribbean;54380.36987;174591.7036;;;
2019;Pueblo Viejo;Dominican Republic;DOM;Latin America & Caribbean;41931.35306;175624.0567;;;
2016;Asientos;Mexico;MEX;Latin America & Caribbean;541.5377414;1314.890983;;;
2017;Asientos;Mexico;MEX;Latin America & Caribbean;541.5377414;1314.890983;;;
2018;Asientos;Mexico;MEX;Latin America & Caribbean;516.021293;1311.36366;;;
2019;Asientos;Mexico;MEX;Latin America & Caribbean;514.5808736;1311.36366;;;
2015;Avino;Mexico;MEX;Latin America & Caribbean;654.8926586;1709.090591;;;
2016;Avino;Mexico;MEX;Latin America & Caribbean;648.2225174;1709.090591;;;
2017;Avino;Mexico;MEX;Latin America & Caribbean;653.0056343;1709.090591;;;
2018;Avino;Mexico;MEX;Latin America & Caribbean;651.7373741;1709.090591;;;
2019;Avino;Mexico;MEX;Latin America & Caribbean;659.8474102;1709.090591;;;
2015;Campo Morado;Mexico;MEX;Latin America & Caribbean;354.1365482;1458.587101;;;
2016;Campo Morado;Mexico;MEX;Latin America & Caribbean;356.5958854;1458.587101;;;
2017;Campo Morado;Mexico;MEX;Latin America & Caribbean;359.1892025;1458.587101;;;
2018;Campo Morado;Mexico;MEX;Latin America & Caribbean;356.5958854;1458.587101;;;
2015;Cosala;Mexico;MEX;Latin America & Caribbean;473.6980077;1595.031833;;;
2016;Cosala;Mexico;MEX;Latin America & Caribbean;429.3351072;1594.631265;;;
2017;Cosala;Mexico;MEX;Latin America & Caribbean;455.893871;1595.031833;;;
2015;El Aguila;Mexico;MEX;Latin America & Caribbean;652.4980597;1344.871723;;;
2016;El Aguila;Mexico;MEX;Latin America & Caribbean;607.4537413;1329.65686;;;
2017;El Aguila;Mexico;MEX;Latin America & Caribbean;638.8008032;1335.022164;;;
2018;El Aguila;Mexico;MEX;Latin America & Caribbean;696.5524991;1357.408427;;;
2019;El Aguila;Mexico;MEX;Latin America & Caribbean;729.3140649;1357.408427;;;
2015;Luz del Cobre;Mexico;MEX;Latin America & Caribbean;552.0573641;1382.309344;;;
2016;Luz del Cobre;Mexico;MEX;Latin America & Caribbean;583.2913556;1389.388922;;;
2017;Luz del Cobre;Mexico;MEX;Latin America & Caribbean;520.3847079;1377.015166;;;
2015;Sabinas;Mexico;MEX;Latin America & Caribbean;724.3355745;1725.022492;;;
2016;Sabinas;Mexico;MEX;Latin America & Caribbean;778.2720247;1731.49986;;;
2017;Sabinas;Mexico;MEX;Latin America & Caribbean;815.0537553;1731.605411;;;
2018;Sabinas;Mexico;MEX;Latin America & Caribbean;573.083;1705.383;;;
2019;Sabinas;Mexico;MEX;Latin America & Caribbean;716.574;1825.821;;;
2019;San Martin;Mexico;MEX;Latin America & Caribbean;449.6431873;1598.828786;;;
2019;Tahuehueto;Mexico;MEX;Latin America & Caribbean;365.0026587;1277.851371;;;
2015;Tizapa;Mexico;MEX;Latin America & Caribbean;1087.79613;2460.754562;;;
2016;Tizapa;Mexico;MEX;Latin America & Caribbean;673.4490294;1589.045964;;;
2017;Tizapa;Mexico;MEX;Latin America & Caribbean;786.5076631;1642.666308;;;
2018;Tizapa;Mexico;MEX;Latin America & Caribbean;951.872;2043.62307;;;
2019;Tizapa;Mexico;MEX;Latin America & Caribbean;822.547;1759.009;;;
2015;Velardena;Mexico;MEX;Latin America & Caribbean;1797.625897;6861.250423;;;
2016;Velardena;Mexico;MEX;Latin America & Caribbean;1483.608474;2916.705287;;;
2017;Velardena;Mexico;MEX;Latin America & Caribbean;1674.341458;6814.279527;;;
2018;Velardena;Mexico;MEX;Latin America & Caribbean;2079.136;6826.18014;;;
2019;Velardena;Mexico;MEX;Latin America & Caribbean;1852.894;7726.055;;;
2015;Cerro Lindo;Peru;PER;Latin America & Caribbean;4891.570405;7157.999409;;;
2016;Cerro Lindo;Peru;PER;Latin America & Caribbean;4811.549345;7131.370532;;;
2017;Cerro Lindo;Peru;PER;Latin America & Caribbean;4734.003169;7136.55713;;;
2018;Cerro Lindo;Peru;PER;Latin America & Caribbean;4812.627314;7131.370532;;;
2019;Cerro Lindo;Peru;PER;Latin America & Caribbean;4751.492448;7136.55713;;;
2015;Condestable;Peru;PER;Latin America & Caribbean;1573.392012;6343.151985;;;
2016;Condestable;Peru;PER;Latin America & Caribbean;1568.812921;3418.132407;;;
2017;Condestable;Peru;PER;Latin America & Caribbean;2887.086;11789.90658;;;
2018;Condestable;Peru;PER;Latin America & Caribbean;2921.736;11986.2562;;;
2019;Condestable;Peru;PER;Latin America & Caribbean;2600.693;11043.10029;;;
2019;Coricancha;Peru;PER;Latin America & Caribbean;1722.842152;6677.274358;;;
2018;Invicta;Peru;PER;Latin America & Caribbean;1753.030305;5408.119602;;;
2019;Invicta;Peru;PER;Latin America & Caribbean;1868.485402;5421.35237;;;
2015;Iscaycruz;Peru;PER;Latin America & Caribbean;4444.609829;7566.851709;;;
2015;Quiruvilca;Peru;PER;Latin America & Caribbean;2795.642961;6839.895892;;;
2016;Quiruvilca;Peru;PER;Latin America & Caribbean;2341.776916;6779.428373;;;
2017;Quiruvilca;Peru;PER;Latin America & Caribbean;2519.576739;6764.544214;;;
2015;Yauliyacu;Peru;PER;Latin America & Caribbean;5868.630913;7405.826511;;;
2016;Yauliyacu;Peru;PER;Latin America & Caribbean;5968.216312;7579.297489;;;
2017;Yauliyacu;Peru;PER;Latin America & Caribbean;5569.5981;7527.97312;;;
2018;Yauliyacu;Peru;PER;Latin America & Caribbean;5868.630913;7405.826511;;;
2019;Yauliyacu;Peru;PER;Latin America & Caribbean;5868.630913;7405.826511;;;
2015;Yauricocha;Peru;PER;Latin America & Caribbean;273.7433303;1399.432861;;;
2016;Yauricocha;Peru;PER;Latin America & Caribbean;270.0455352;1330.267874;;;
2017;Yauricocha;Peru;PER;Latin America & Caribbean;301.035826;1466.088611;;;
2018;Yauricocha;Peru;PER;Latin America & Caribbean;446.1261845;1684.726789;;;
2019;Yauricocha;Peru;PER;Latin America & Caribbean;508.4801828;1684.726789;;;
2015;Sungun;Iran;IRN;South and West Asia;13436.59963;48851.82001;;;
2016;Sungun;Iran;IRN;South and West Asia;13436.59963;48851.82001;;;
2017;Sungun;Iran;IRN;South and West Asia;13436.59963;48851.82001;;;
2018;Sungun;Iran;IRN;South and West Asia;13436.59963;48851.82001;;;
2019;Sungun;Iran;IRN;South and West Asia;13436.59963;48851.82001;;;
2015;Akka;Morocco;MAR;Africa;1572.359341;5762.505102;;;
2016;Akka;Morocco;MAR;Africa;2190.295557;8067.743998;;;
2017;Akka;Morocco;MAR;Africa;1571.147935;5762.505102;;;
2018;Akka;Morocco;MAR;Africa;1571.147935;5762.505102;;;
2019;Akka;Morocco;MAR;Africa;1571.147935;5762.505102;;;
2015;Draa Sfar;Morocco;MAR;Africa;9830.152299;30732.11176;;;
2016;Draa Sfar;Morocco;MAR;Africa;10817.38488;34155.45204;;;
2017;Draa Sfar;Morocco;MAR;Africa;9828.504414;30732.11176;;;
2018;Draa Sfar;Morocco;MAR;Africa;9828.504414;30732.11176;;;
2019;Draa Sfar;Morocco;MAR;Africa;9828.504414;30732.11176;;;
2017;Guemassa;Morocco;MAR;Africa;1918.769896;6606.54427;;;
2018;Guemassa;Morocco;MAR;Africa;1873.695835;6616.892501;;;
2019;Guemassa;Morocco;MAR;Africa;1871.58849;6616.892501;;;
2015;Huckleberry;Canada;CAN;North America;2440.425698;12593.76082;;;
2016;Huckleberry;Canada;CAN;North America;3970.977268;14342.2406;;;
2019;Huckleberry;Canada;CAN;North America;3149.59934;13971.27554;;;
2015;LaRonde;Canada;CAN;North America;4348.436111;7566.851709;;;
2016;LaRonde;Canada;CAN;North America;4285.022942;7558.480024;;;
2017;LaRonde;Canada;CAN;North America;4186.707317;7572.529696;;;
2018;LaRonde;Canada;CAN;North America;4217.54758;7574.589831;;;
2019;LaRonde;Canada;CAN;North America;4082.213925;7565.674972;;;
2015;Reed;Canada;CAN;North America;2141.177174;7713.16533;;;
2016;Reed;Canada;CAN;North America;2111.937063;7713.16533;;;
2017;Reed;Canada;CAN;North America;2063.918464;7705.28602;;;
2018;Reed;Canada;CAN;North America;1669.075771;7415.528372;;;
2019;Reed;Canada;CAN;North America;2066.116538;7705.28602;;;
2015;Voisey's Bay;Canada;CAN;North America;3410.848751;7602.028722;;;
2016;Voisey's Bay;Canada;CAN;North America;3406.84001;7602.028722;;;
2017;Voisey's Bay;Canada;CAN;North America;3398.655531;7591.276072;;;
2018;Voisey's Bay;Canada;CAN;North America;3625.713353;6974.628152;;;
2019;Voisey's Bay;Canada;CAN;North America;3718.210865;6923.185948;;;
2015;Kennecott;USA;USA;North America;9885.932855;38178.82517;;;
2016;Kennecott;USA;USA;North America;16220.44296;52777.71546;;;
2017;Kennecott;USA;USA;North America;15494.07398;53602.75162;;;
2018;Kennecott;USA;USA;North America;27431.5338;160441.2539;;;
2019;Kennecott;USA;USA;North America;22962.23216;99640.11925;;;
2017;Camp Bird;USA;USA;North America;2119.400154;10300.28554;;;
2015;Carlota;USA;USA;North America;1502.858656;2823.402124;;;
2016;Carlota;USA;USA;North America;922.0505524;1523.910418;;;
2017;Carlota;USA;USA;North America;798.231697;1369.93077;;;
2018;Carlota;USA;USA;North America;729.1462378;1364.722804;;;
2019;Carlota;USA;USA;North America;1112.493091;1963.380119;;;
2015;Continental;USA;USA;North America;8407.161606;29760.42984;;;
2016;Continental;USA;USA;North America;8407.161606;29760.42984;;;
2017;Continental;USA;USA;North America;8407.161606;29760.42984;;;
2018;Continental;USA;USA;North America;8407.161606;29760.42984;;;
2019;Continental;USA;USA;North America;8407.161606;29760.42984;;;
2015;Galena Complex;USA;USA;North America;3135.224808;6250.982494;;;
2015;Miami;USA;USA;North America;1919.185555;6653.875371;;;
2016;Miami;USA;USA;North America;2018.828796;6799.728699;;;
2017;Miami;USA;USA;North America;1969.155724;6716.856349;;;
2018;Miami;USA;USA;North America;1840.369632;6664.297739;;;
2019;Miami;USA;USA;North America;1724.99212;6646.946096;;;
2015;Morenci;USA;USA;North America;51509.40454;189805.1914;;;
2016;Morenci;USA;USA;North America;38854.93047;200519.3806;;;
2017;Morenci;USA;USA;North America;53058.27825;189805.1914;;;
2018;Morenci;USA;USA;North America;51533.29565;189805.1914;;;
2019;Morenci;USA;USA;North America;53056.61539;189805.1914;;;
2015;Nevada Operations;USA;USA;North America;15380.78916;56349.5906;;;
2016;Nevada Operations;USA;USA;North America;16345.95946;58401.21346;;;
2017;Nevada Operations;USA;USA;North America;2956.875338;7564.738107;;;
2018;Nevada Operations;USA;USA;North America;16541.84346;55824.01579;;;
2015;Pinto Valley;USA;USA;North America;15454.00839;43358.42703;;;
2016;Pinto Valley;USA;USA;North America;13854.17919;41469.46978;;;
2017;Pinto Valley;USA;USA;North America;15062.4035;42717.11105;;;
2018;Pinto Valley;USA;USA;North America;10084.302;29238.75722;;;
2019;Pinto Valley;USA;USA;North America;11065.097;33086.28665;;;
2019;Pumpkin Hollow;USA;USA;North America;714.1845821;1203.315316;;;
2015;Ray;USA;USA;North America;12989.57619;45088.91376;;;
2016;Ray;USA;USA;North America;12521.0107;45088.91376;;;
2017;Ray;USA;USA;North America;14697.30297;47834.97593;;;
2018;Ray;USA;USA;North America;14852.86584;48195.43597;;;
2019;Ray;USA;USA;North America;12493.98984;45077.73413;;;
2015;Safford;USA;USA;North America;14106.87051;44086.13739;;;
2016;Safford;USA;USA;North America;13671.19863;43751.53804;;;
2017;Safford;USA;USA;North America;6858.430256;14611.84538;;;
2018;Safford;USA;USA;North America;6225.115049;14934.18454;;;
2019;Safford;USA;USA;North America;5902.342479;14192.55774;;;
2015;Malanjkhand;India;IND;South and West Asia;1732.120598;8577.942005;;;
2016;Malanjkhand;India;IND;South and West Asia;1945.626608;8808.113363;;;
2017;Malanjkhand;India;IND;South and West Asia;1533.317782;3376.014117;;;
2018;Malanjkhand;India;IND;South and West Asia;1960.563086;8808.113363;;;
2019;Malanjkhand;India;IND;South and West Asia;2294.036984;9086.298516;;;
2015;Surda;India;IND;South and West Asia;430.6207738;1621.893394;;;
2016;Surda;India;IND;South and West Asia;509.8182085;1676.106576;;;
2015;Modikwa;South Africa;ZAF;Africa;700.2134787;811.3388497;;;
2016;Modikwa;South Africa;ZAF;Africa;700.2134787;811.3388497;;;
2017;Modikwa;South Africa;ZAF;Africa;700.2134787;811.3388497;;;
2018;Modikwa;South Africa;ZAF;Africa;700.2134787;811.3388497;;;
2019;Modikwa;South Africa;ZAF;Africa;700.2134787;811.3388497;;;
2015;Mototolo;South Africa;ZAF;Africa;426.2026385;765.2749996;;;
2016;Mototolo;South Africa;ZAF;Africa;426.2026385;765.2749996;;;
2017;Mototolo;South Africa;ZAF;Africa;426.2026385;765.2749996;;;
2018;Mototolo;South Africa;ZAF;Africa;426.2026385;765.2749996;;;
2019;Mototolo;South Africa;ZAF;Africa;426.2026385;765.2749996;;;
2015;Palabora;South Africa;ZAF;Africa;6460.5;13214.65202;;;
2016;Palabora;South Africa;ZAF;Africa;5475;7409.055336;;;
2017;Palabora;South Africa;ZAF;Africa;7701.5;34144.79499;;;
2018;Palabora;South Africa;ZAF;Africa;5444.508549;7409.055336;;;
2019;Palabora;South Africa;ZAF;Africa;5229.479634;7408.666032;;;
2015;Smokey Hills;South Africa;ZAF;Africa;330.9906781;1336.798068;;;
2016;Smokey Hills;South Africa;ZAF;Africa;320.8480993;1336.798068;;;
2015;Two Rivers;South Africa;ZAF;Africa;1191.481439;1519.788085;;;
2016;Two Rivers;South Africa;ZAF;Africa;1265.135649;1519.958231;;;
2017;Two Rivers;South Africa;ZAF;Africa;1234.89364;1520.013396;;;
2018;Two Rivers;South Africa;ZAF;Africa;1233.523138;1520.013396;;;
2019;Two Rivers;South Africa;ZAF;Africa;1071.655372;1499.876982;;;
2015;Baluba;Zambia;ZMB;Africa;742.4996451;1802.127349;;;
2018;Baluba;Zambia;ZMB;Africa;598.3778939;1516.476311;;;
2019;Baluba;Zambia;ZMB;Africa;592.4925531;1516.476311;;;
2015;Chambishi;Zambia;ZMB;Africa;1779.065276;7493.374023;;;
2016;Chambishi;Zambia;ZMB;Africa;1750.705928;7476.657874;;;
2017;Chambishi;Zambia;ZMB;Africa;1594.576365;6835.767448;;;
2018;Chambishi;Zambia;ZMB;Africa;1935.192132;7633.821692;;;
2019;Chambishi;Zambia;ZMB;Africa;1795.167278;7493.374023;;;
2015;Chibuluma South;Zambia;ZMB;Africa;593.7905816;1095.529578;;;
2016;Chibuluma South;Zambia;ZMB;Africa;591.7106038;1095.529578;;;
2017;Chibuluma South;Zambia;ZMB;Africa;592.7589497;1095.529578;;;
2018;Chibuluma South;Zambia;ZMB;Africa;576.9236379;1094.46675;;;
2019;Chibuluma South;Zambia;ZMB;Africa;602.3463834;1095.529578;;;
2015;Konkola;Zambia;ZMB;Africa;125709.1563;181629.4943;;;
2016;Konkola;Zambia;ZMB;Africa;193795.575;181629.4943;;;
2017;Konkola;Zambia;ZMB;Africa;195173;181629.4943;;;
2018;Konkola;Zambia;ZMB;Africa;196800.2655;181629.4943;;;
2019;Konkola;Zambia;ZMB;Africa;147429.0962;181629.4943;;;
2015;Lubambe;Zambia;ZMB;Africa;1396.402685;2805.783894;;;
2016;Lubambe;Zambia;ZMB;Africa;1204.568104;2515.423018;;;
2017;Lubambe;Zambia;ZMB;Africa;925.0390383;1520.484182;;;
2018;Lubambe;Zambia;ZMB;Africa;1200.525409;2450.756227;;;
2019;Lubambe;Zambia;ZMB;Africa;2314.280606;7780.171126;;;
2015;Mufulira;Zambia;ZMB;Africa;11285.68961;42986.21457;;;
2016;Mufulira;Zambia;ZMB;Africa;5332.888122;9836.501757;;;
2017;Mufulira;Zambia;ZMB;Africa;5042.95243;9836.501757;;;
2018;Mufulira;Zambia;ZMB;Africa;5416.730018;9836.501757;;;
2019;Mufulira;Zambia;ZMB;Africa;4438.537018;8462.10158;;;
2015;Muliashi North;Zambia;ZMB;Africa;2690.912953;16417.81543;;;
2016;Muliashi North;Zambia;ZMB;Africa;2701.567526;16417.81543;;;
2017;Muliashi North;Zambia;ZMB;Africa;2560.546489;16275.67428;;;
2018;Muliashi North;Zambia;ZMB;Africa;2602.358766;16348.59468;;;
2019;Muliashi North;Zambia;ZMB;Africa;2641.110383;16417.81543;;;
2017;Mwambashi;Zambia;ZMB;Africa;737.3919155;1253.26716;;;
2015;Nchanga;Zambia;ZMB;Africa;6549.608304;14832.60988;;;
2016;Nchanga;Zambia;ZMB;Africa;6018.986832;6933.541776;;;
2017;Nchanga;Zambia;ZMB;Africa;6112.677443;8915.941361;;;
2018;Nchanga;Zambia;ZMB;Africa;6273.408272;14250.81542;;;
2019;Nchanga;Zambia;ZMB;Africa;6287.39709;14250.81542;;;
2015;Nkana;Zambia;ZMB;Africa;4183.35331;8509.266525;;;
2016;Nkana;Zambia;ZMB;Africa;1657.844712;7469.075019;;;
2017;Nkana;Zambia;ZMB;Africa;1815.21816;7800.796538;;;
2018;Nkana;Zambia;ZMB;Africa;2478.136881;8186.571205;;;
2019;Nkana;Zambia;ZMB;Africa;1057.816583;1858.727933;;;
2015;Zimplats;Zimbabwe;ZWE;Africa;2246.684085;7060.675783;;;
2016;Zimplats;Zimbabwe;ZWE;Africa;2246.684085;7060.675783;;;
2017;Zimplats;Zimbabwe;ZWE;Africa;2248.239159;7060.675783;;;
2018;Zimplats;Zimbabwe;ZWE;Africa;2227.775435;7060.675783;;;
2019;Zimplats;Zimbabwe;ZWE;Africa;2246.684085;7060.675783;;;
